,Store,Dept,Date,Weekly_Sales,IsHoliday
0,1,1,05/02/2010,24924.5,False
1,1,1,12/02/2010,46039.49,True
2,1,1,19/02/2010,41595.55,False
3,1,1,26/02/2010,19403.54,False
4,1,1,05/03/2010,21827.9,False
5,1,1,12/03/2010,21043.39,False
6,1,1,19/03/2010,22136.64,False
7,1,1,26/03/2010,26229.21,False
8,1,1,02/04/2010,57258.43,False
9,1,1,09/04/2010,42960.91,False
10,1,1,16/04/2010,17596.96,False
11,1,1,23/04/2010,16145.35,False
12,1,1,30/04/2010,16555.11,False
13,1,1,07/05/2010,17413.94,False
14,1,1,14/05/2010,18926.74,False
15,1,1,21/05/2010,14773.04,False
16,1,1,28/05/2010,15580.43,False
17,1,1,04/06/2010,17558.09,False
18,1,1,11/06/2010,16637.62,False
19,1,1,18/06/2010,16216.27,False
20,1,1,25/06/2010,16328.72,False
21,1,1,02/07/2010,16333.14,False
22,1,1,09/07/2010,17688.76,False
23,1,1,16/07/2010,17150.84,False
24,1,1,23/07/2010,15360.45,False
25,1,1,30/07/2010,15381.82,False
26,1,1,06/08/2010,17508.41,False
27,1,1,13/08/2010,15536.4,False
28,1,1,20/08/2010,15740.13,False
29,1,1,27/08/2010,15793.87,False
30,1,1,03/09/2010,16241.78,False
31,1,1,10/09/2010,18194.74,True
32,1,1,17/09/2010,19354.23,False
33,1,1,24/09/2010,18122.52,False
34,1,1,01/10/2010,20094.19,False
35,1,1,08/10/2010,23388.03,False
36,1,1,15/10/2010,26978.34,False
37,1,1,22/10/2010,25543.04,False
38,1,1,29/10/2010,38640.93,False
39,1,1,05/11/2010,34238.88,False
40,1,1,12/11/2010,19549.39,False
41,1,1,19/11/2010,19552.84,False
42,1,1,26/11/2010,18820.29,True
43,1,1,03/12/2010,22517.56,False
44,1,1,10/12/2010,31497.65,False
45,1,1,17/12/2010,44912.86,False
46,1,1,24/12/2010,55931.23,False
47,1,1,31/12/2010,19124.58,True
48,1,1,07/01/2011,15984.24,False
49,1,1,14/01/2011,17359.7,False
50,1,1,21/01/2011,17341.47,False
51,1,1,28/01/2011,18461.18,False
52,1,1,04/02/2011,21665.76,False
53,1,1,11/02/2011,37887.17,True
54,1,1,18/02/2011,46845.87,False
55,1,1,25/02/2011,19363.83,False
56,1,1,04/03/2011,20327.61,False
57,1,1,11/03/2011,21280.4,False
58,1,1,18/03/2011,20334.23,False
59,1,1,25/03/2011,20881.1,False
60,1,1,01/04/2011,20398.09,False
61,1,1,08/04/2011,23873.79,False
62,1,1,15/04/2011,28762.37,False
63,1,1,22/04/2011,50510.31,False
64,1,1,29/04/2011,41512.39,False
65,1,1,06/05/2011,20138.19,False
66,1,1,13/05/2011,17235.15,False
67,1,1,20/05/2011,15136.78,False
68,1,1,27/05/2011,15741.6,False
69,1,1,03/06/2011,16434.15,False
70,1,1,10/06/2011,15883.52,False
71,1,1,17/06/2011,14978.09,False
72,1,1,24/06/2011,15682.81,False
73,1,1,01/07/2011,15363.5,False
74,1,1,08/07/2011,16148.87,False
75,1,1,15/07/2011,15654.85,False
76,1,1,22/07/2011,15766.6,False
77,1,1,29/07/2011,15922.41,False
78,1,1,05/08/2011,15295.55,False
79,1,1,12/08/2011,14539.79,False
80,1,1,19/08/2011,14689.24,False
81,1,1,26/08/2011,14537.37,False
82,1,1,02/09/2011,15277.27,False
83,1,1,09/09/2011,17746.68,True
84,1,1,16/09/2011,18535.48,False
85,1,1,23/09/2011,17859.3,False
86,1,1,30/09/2011,18337.68,False
87,1,1,07/10/2011,20797.58,False
88,1,1,14/10/2011,23077.55,False
89,1,1,21/10/2011,23351.8,False
90,1,1,28/10/2011,31579.9,False
91,1,1,04/11/2011,39886.06,False
92,1,1,11/11/2011,18689.54,False
93,1,1,18/11/2011,19050.66,False
94,1,1,25/11/2011,20911.25,True
95,1,1,02/12/2011,25293.49,False
96,1,1,09/12/2011,33305.92,False
97,1,1,16/12/2011,45773.03,False
98,1,1,23/12/2011,46788.75,False
99,1,1,30/12/2011,23350.88,True
100,1,1,06/01/2012,16567.69,False
101,1,1,13/01/2012,16894.4,False
102,1,1,20/01/2012,18365.1,False
103,1,1,27/01/2012,18378.16,False
104,1,1,03/02/2012,23510.49,False
105,1,1,10/02/2012,36988.49,True
106,1,1,17/02/2012,54060.1,False
107,1,1,24/02/2012,20124.22,False
108,1,1,02/03/2012,20113.03,False
109,1,1,09/03/2012,21140.07,False
110,1,1,16/03/2012,22366.88,False
111,1,1,23/03/2012,22107.7,False
112,1,1,30/03/2012,28952.86,False
113,1,1,06/04/2012,57592.12,False
114,1,1,13/04/2012,34684.21,False
115,1,1,20/04/2012,16976.19,False
116,1,1,27/04/2012,16347.6,False
117,1,1,04/05/2012,17147.44,False
118,1,1,11/05/2012,18164.2,False
119,1,1,18/05/2012,18517.79,False
120,1,1,25/05/2012,16963.55,False
121,1,1,01/06/2012,16065.49,False
122,1,1,08/06/2012,17666.0,False
123,1,1,15/06/2012,17558.82,False
124,1,1,22/06/2012,16633.41,False
125,1,1,29/06/2012,15722.82,False
126,1,1,06/07/2012,17823.37,False
127,1,1,13/07/2012,16566.18,False
128,1,1,20/07/2012,16348.06,False
129,1,1,27/07/2012,15731.18,False
130,1,1,03/08/2012,16628.31,False
131,1,1,10/08/2012,16119.92,False
132,1,1,17/08/2012,17330.7,False
133,1,1,24/08/2012,16286.4,False
134,1,1,31/08/2012,16680.24,False
135,1,1,07/09/2012,18322.37,True
136,1,1,14/09/2012,19616.22,False
137,1,1,21/09/2012,19251.5,False
138,1,1,28/09/2012,18947.81,False
139,1,1,05/10/2012,21904.47,False
140,1,1,12/10/2012,22764.01,False
141,1,1,19/10/2012,24185.27,False
142,1,1,26/10/2012,27390.81,False
143,1,2,05/02/2010,50605.27,False
144,1,2,12/02/2010,44682.74,True
145,1,2,19/02/2010,47928.89,False
146,1,2,26/02/2010,44292.87,False
147,1,2,05/03/2010,48397.98,False
148,1,2,12/03/2010,43751.94,False
149,1,2,19/03/2010,43615.49,False
150,1,2,26/03/2010,41892.55,False
151,1,2,02/04/2010,47450.5,False
152,1,2,09/04/2010,46549.73,False
153,1,2,16/04/2010,45025.02,False
154,1,2,23/04/2010,44418.11,False
155,1,2,30/04/2010,45971.3,False
156,1,2,07/05/2010,47903.01,False
157,1,2,14/05/2010,43675.61,False
158,1,2,21/05/2010,44319.15,False
159,1,2,28/05/2010,44619.52,False
160,1,2,04/06/2010,48754.47,False
161,1,2,11/06/2010,47089.54,False
162,1,2,18/06/2010,44428.71,False
163,1,2,25/06/2010,45299.92,False
164,1,2,02/07/2010,47077.72,False
165,1,2,09/07/2010,46752.12,False
166,1,2,16/07/2010,44339.2,False
167,1,2,23/07/2010,44763.33,False
168,1,2,30/07/2010,45833.77,False
169,1,2,06/08/2010,50031.73,False
170,1,2,13/08/2010,45475.69,False
171,1,2,20/08/2010,49754.17,False
172,1,2,27/08/2010,49623.53,False
173,1,2,03/09/2010,49015.05,False
174,1,2,10/09/2010,45182.5,True
175,1,2,17/09/2010,44681.64,False
176,1,2,24/09/2010,42477.49,False
177,1,2,01/10/2010,45829.02,False
178,1,2,08/10/2010,46387.54,False
179,1,2,15/10/2010,43110.79,False
180,1,2,22/10/2010,42371.48,False
181,1,2,29/10/2010,44081.33,False
182,1,2,05/11/2010,46381.43,False
183,1,2,12/11/2010,43194.49,False
184,1,2,19/11/2010,41443.25,False
185,1,2,26/11/2010,45681.98,True
186,1,2,03/12/2010,44405.02,False
187,1,2,10/12/2010,46955.82,False
188,1,2,17/12/2010,49303.28,False
189,1,2,24/12/2010,59889.32,False
190,1,2,31/12/2010,35819.83,True
191,1,2,07/01/2011,43202.29,False
192,1,2,14/01/2011,39857.4,False
193,1,2,21/01/2011,41596.99,False
194,1,2,28/01/2011,41651.01,False
195,1,2,04/02/2011,46829.12,False
196,1,2,11/02/2011,47595.35,True
197,1,2,18/02/2011,49202.06,False
198,1,2,25/02/2011,46165.25,False
199,1,2,04/03/2011,53035.54,False
200,1,2,11/03/2011,48465.72,False
201,1,2,18/03/2011,45222.3,False
202,1,2,25/03/2011,44293.54,False
203,1,2,01/04/2011,46991.58,False
204,1,2,08/04/2011,48501.79,False
205,1,2,15/04/2011,44464.74,False
206,1,2,22/04/2011,46544.56,False
207,1,2,29/04/2011,43682.41,False
208,1,2,06/05/2011,50139.92,False
209,1,2,13/05/2011,44274.15,False
210,1,2,20/05/2011,44302.11,False
211,1,2,27/05/2011,45072.11,False
212,1,2,03/06/2011,47844.27,False
213,1,2,10/06/2011,46363.93,False
214,1,2,17/06/2011,42939.63,False
215,1,2,24/06/2011,42415.81,False
216,1,2,01/07/2011,45247.74,False
217,1,2,08/07/2011,44623.23,False
218,1,2,15/07/2011,43260.96,False
219,1,2,22/07/2011,45113.56,False
220,1,2,29/07/2011,43191.02,False
221,1,2,05/08/2011,49359.75,False
222,1,2,12/08/2011,45341.92,False
223,1,2,19/08/2011,46391.12,False
224,1,2,26/08/2011,47659.93,False
225,1,2,02/09/2011,49419.75,False
226,1,2,09/09/2011,43315.85,True
227,1,2,16/09/2011,42963.96,False
228,1,2,23/09/2011,43390.94,False
229,1,2,30/09/2011,46045.09,False
230,1,2,07/10/2011,49880.69,False
231,1,2,14/10/2011,43306.38,False
232,1,2,21/10/2011,42487.67,False
233,1,2,28/10/2011,41682.4,False
234,1,2,04/11/2011,47313.62,False
235,1,2,11/11/2011,44936.47,False
236,1,2,18/11/2011,43997.78,False
237,1,2,25/11/2011,44259.59,True
238,1,2,02/12/2011,45928.14,False
239,1,2,09/12/2011,49357.43,False
240,1,2,16/12/2011,51137.42,False
241,1,2,23/12/2011,65615.36,False
242,1,2,30/12/2011,43539.94,True
243,1,2,06/01/2012,44481.38,False
244,1,2,13/01/2012,43353.09,False
245,1,2,20/01/2012,43753.43,False
246,1,2,27/01/2012,41556.23,False
247,1,2,03/02/2012,54322.24,False
248,1,2,10/02/2012,50581.06,True
249,1,2,17/02/2012,46085.47,False
250,1,2,24/02/2012,47080.12,False
251,1,2,02/03/2012,52608.51,False
252,1,2,09/03/2012,48563.69,False
253,1,2,16/03/2012,47346.32,False
254,1,2,23/03/2012,44796.03,False
255,1,2,30/03/2012,46529.68,False
256,1,2,06/04/2012,51805.88,False
257,1,2,13/04/2012,43991.18,False
258,1,2,20/04/2012,45561.85,False
259,1,2,27/04/2012,45456.23,False
260,1,2,04/05/2012,50501.3,False
261,1,2,11/05/2012,46717.76,False
262,1,2,18/05/2012,44411.23,False
263,1,2,25/05/2012,45817.07,False
264,1,2,01/06/2012,47425.29,False
265,1,2,08/06/2012,49439.58,False
266,1,2,15/06/2012,46637.48,False
267,1,2,22/06/2012,46075.0,False
268,1,2,29/06/2012,47629.14,False
269,1,2,06/07/2012,49771.92,False
270,1,2,13/07/2012,44411.95,False
271,1,2,20/07/2012,45108.22,False
272,1,2,27/07/2012,45008.22,False
273,1,2,03/08/2012,49424.06,False
274,1,2,10/08/2012,46729.91,False
275,1,2,17/08/2012,46350.97,False
276,1,2,24/08/2012,44972.52,False
277,1,2,31/08/2012,50995.5,False
278,1,2,07/09/2012,47344.5,True
279,1,2,14/09/2012,44493.61,False
280,1,2,21/09/2012,43541.07,False
281,1,2,28/09/2012,45784.76,False
282,1,2,05/10/2012,48577.08,False
283,1,2,12/10/2012,42112.67,False
284,1,2,19/10/2012,42354.72,False
285,1,2,26/10/2012,43134.88,False
286,1,3,05/02/2010,13740.12,False
287,1,3,12/02/2010,10887.84,True
288,1,3,19/02/2010,11523.47,False
289,1,3,26/02/2010,11135.17,False
290,1,3,05/03/2010,12275.58,False
291,1,3,12/03/2010,10123.45,False
292,1,3,19/03/2010,9001.37,False
293,1,3,26/03/2010,10366.85,False
294,1,3,02/04/2010,11157.08,False
295,1,3,09/04/2010,10179.29,False
296,1,3,16/04/2010,9226.8,False
297,1,3,23/04/2010,8868.93,False
298,1,3,30/04/2010,9337.44,False
299,1,3,07/05/2010,9372.8,False
300,1,3,14/05/2010,7919.86,False
301,1,3,21/05/2010,7813.91,False
302,1,3,28/05/2010,8412.69,False
303,1,3,04/06/2010,8001.41,False
304,1,3,11/06/2010,7742.75,False
305,1,3,18/06/2010,8201.06,False
306,1,3,25/06/2010,6591.22,False
307,1,3,02/07/2010,7857.88,False
308,1,3,09/07/2010,8112.67,False
309,1,3,16/07/2010,13751.3,False
310,1,3,23/07/2010,16930.62,False
311,1,3,30/07/2010,20915.95,False
312,1,3,06/08/2010,26719.02,False
313,1,3,13/08/2010,30640.54,False
314,1,3,20/08/2010,41101.93,False
315,1,3,27/08/2010,51159.17,False
316,1,3,03/09/2010,19081.8,False
317,1,3,10/09/2010,12134.69,True
318,1,3,17/09/2010,10722.46,False
319,1,3,24/09/2010,8097.92,False
320,1,3,01/10/2010,9775.17,False
321,1,3,08/10/2010,10081.8,False
322,1,3,15/10/2010,9735.73,False
323,1,3,22/10/2010,8614.41,False
324,1,3,29/10/2010,9283.09,False
325,1,3,05/11/2010,9825.22,False
326,1,3,12/11/2010,9146.77,False
327,1,3,19/11/2010,9202.11,False
328,1,3,26/11/2010,10706.81,True
329,1,3,03/12/2010,10856.85,False
330,1,3,10/12/2010,11219.78,False
331,1,3,17/12/2010,11986.84,False
332,1,3,24/12/2010,12080.36,False
333,1,3,31/12/2010,8266.14,True
334,1,3,07/01/2011,15808.15,False
335,1,3,14/01/2011,13275.87,False
336,1,3,21/01/2011,12532.94,False
337,1,3,28/01/2011,11983.34,False
338,1,3,04/02/2011,11012.52,False
339,1,3,11/02/2011,11428.25,True
340,1,3,18/02/2011,11724.98,False
341,1,3,25/02/2011,10473.78,False
342,1,3,04/03/2011,11039.12,False
343,1,3,11/03/2011,10689.97,False
344,1,3,18/03/2011,8148.69,False
345,1,3,25/03/2011,9049.02,False
346,1,3,01/04/2011,8734.19,False
347,1,3,08/04/2011,10417.33,False
348,1,3,15/04/2011,8212.97,False
349,1,3,22/04/2011,8468.72,False
350,1,3,29/04/2011,8653.62,False
351,1,3,06/05/2011,10420.92,False
352,1,3,13/05/2011,8732.46,False
353,1,3,20/05/2011,7939.01,False
354,1,3,27/05/2011,8120.7,False
355,1,3,03/06/2011,8853.89,False
356,1,3,10/06/2011,7508.71,False
357,1,3,17/06/2011,7658.75,False
358,1,3,24/06/2011,6165.73,False
359,1,3,01/07/2011,8070.64,False
360,1,3,08/07/2011,7366.5,False
361,1,3,15/07/2011,11578.11,False
362,1,3,22/07/2011,16069.5,False
363,1,3,29/07/2011,21331.51,False
364,1,3,05/08/2011,31248.98,False
365,1,3,12/08/2011,32148.93,False
366,1,3,19/08/2011,41603.11,False
367,1,3,26/08/2011,49775.52,False
368,1,3,02/09/2011,19604.47,False
369,1,3,09/09/2011,12778.28,True
370,1,3,16/09/2011,10412.88,False
371,1,3,23/09/2011,9755.56,False
372,1,3,30/09/2011,10434.83,False
373,1,3,07/10/2011,9977.96,False
374,1,3,14/10/2011,9870.22,False
375,1,3,21/10/2011,10136.78,False
376,1,3,28/10/2011,9421.2,False
377,1,3,04/11/2011,9189.2,False
378,1,3,11/11/2011,9959.64,False
379,1,3,18/11/2011,10104.36,False
380,1,3,25/11/2011,9317.56,True
381,1,3,02/12/2011,10146.54,False
382,1,3,09/12/2011,12955.55,False
383,1,3,16/12/2011,13180.05,False
384,1,3,23/12/2011,13667.88,False
385,1,3,30/12/2011,8848.44,True
386,1,3,06/01/2012,13926.04,False
387,1,3,13/01/2012,13822.49,False
388,1,3,20/01/2012,11702.08,False
389,1,3,27/01/2012,10613.17,False
390,1,3,03/02/2012,12485.78,False
391,1,3,10/02/2012,12388.85,True
392,1,3,17/02/2012,10237.78,False
393,1,3,24/02/2012,10502.4,False
394,1,3,02/03/2012,11387.31,False
395,1,3,09/03/2012,11925.71,False
396,1,3,16/03/2012,8845.73,False
397,1,3,23/03/2012,7910.22,False
398,1,3,30/03/2012,9129.23,False
399,1,3,06/04/2012,9335.24,False
400,1,3,13/04/2012,7927.73,False
401,1,3,20/04/2012,8647.36,False
402,1,3,27/04/2012,8635.62,False
403,1,3,04/05/2012,10655.35,False
404,1,3,11/05/2012,10342.72,False
405,1,3,18/05/2012,8609.82,False
406,1,3,25/05/2012,8345.33,False
407,1,3,01/06/2012,7175.77,False
408,1,3,08/06/2012,8614.64,False
409,1,3,15/06/2012,8016.26,False
410,1,3,22/06/2012,7301.41,False
411,1,3,29/06/2012,7577.59,False
412,1,3,06/07/2012,8473.71,False
413,1,3,13/07/2012,13126.15,False
414,1,3,20/07/2012,20126.95,False
415,1,3,27/07/2012,22716.7,False
416,1,3,03/08/2012,30331.69,False
417,1,3,10/08/2012,28257.3,False
418,1,3,17/08/2012,31905.97,False
419,1,3,24/08/2012,43712.78,False
420,1,3,31/08/2012,50701.3,False
421,1,3,07/09/2012,18368.51,True
422,1,3,14/09/2012,14288.22,False
423,1,3,21/09/2012,13403.63,False
424,1,3,28/09/2012,13085.95,False
425,1,3,05/10/2012,11676.98,False
426,1,3,12/10/2012,10487.17,False
427,1,3,19/10/2012,8548.87,False
428,1,3,26/10/2012,9350.9,False
429,1,4,05/02/2010,39954.04,False
430,1,4,12/02/2010,35351.21,True
431,1,4,19/02/2010,36826.95,False
432,1,4,26/02/2010,34660.16,False
433,1,4,05/03/2010,38086.19,False
434,1,4,12/03/2010,32668.67,False
435,1,4,19/03/2010,34118.11,False
436,1,4,26/03/2010,33872.07,False
437,1,4,02/04/2010,37809.49,False
438,1,4,09/04/2010,36174.43,False
439,1,4,16/04/2010,34740.19,False
440,1,4,23/04/2010,33806.71,False
441,1,4,30/04/2010,33437.8,False
442,1,4,07/05/2010,37168.34,False
443,1,4,14/05/2010,33657.7,False
444,1,4,21/05/2010,35571.47,False
445,1,4,28/05/2010,36380.36,False
446,1,4,04/06/2010,40548.19,False
447,1,4,11/06/2010,36579.96,False
448,1,4,18/06/2010,35059.52,False
449,1,4,25/06/2010,34454.69,False
450,1,4,02/07/2010,39773.71,False
451,1,4,09/07/2010,39781.45,False
452,1,4,16/07/2010,35234.66,False
453,1,4,23/07/2010,36624.71,False
454,1,4,30/07/2010,36419.68,False
455,1,4,06/08/2010,40973.88,False
456,1,4,13/08/2010,36461.66,False
457,1,4,20/08/2010,39706.1,False
458,1,4,27/08/2010,36404.6,False
459,1,4,03/09/2010,38321.88,False
460,1,4,10/09/2010,36603.78,True
461,1,4,17/09/2010,33999.01,False
462,1,4,24/09/2010,32497.43,False
463,1,4,01/10/2010,34912.45,False
464,1,4,08/10/2010,35772.82,False
465,1,4,15/10/2010,34693.27,False
466,1,4,22/10/2010,32902.26,False
467,1,4,29/10/2010,35202.44,False
468,1,4,05/11/2010,37980.55,False
469,1,4,12/11/2010,35008.03,False
470,1,4,19/11/2010,37078.61,False
471,1,4,26/11/2010,46201.27,True
472,1,4,03/12/2010,37110.55,False
473,1,4,10/12/2010,36364.31,False
474,1,4,17/12/2010,39154.41,False
475,1,4,24/12/2010,47893.23,False
476,1,4,31/12/2010,36913.8,True
477,1,4,07/01/2011,37947.8,False
478,1,4,14/01/2011,34393.95,False
479,1,4,21/01/2011,33735.58,False
480,1,4,28/01/2011,32905.88,False
481,1,4,04/02/2011,35870.49,False
482,1,4,11/02/2011,37373.33,True
483,1,4,18/02/2011,36479.25,False
484,1,4,25/02/2011,33677.18,False
485,1,4,04/03/2011,37943.96,False
486,1,4,11/03/2011,35229.12,False
487,1,4,18/03/2011,34863.03,False
488,1,4,25/03/2011,34813.12,False
489,1,4,01/04/2011,34451.9,False
490,1,4,08/04/2011,36514.43,False
491,1,4,15/04/2011,33466.89,False
492,1,4,22/04/2011,35132.7,False
493,1,4,29/04/2011,34528.56,False
494,1,4,06/05/2011,37827.69,False
495,1,4,13/05/2011,33471.81,False
496,1,4,20/05/2011,34137.41,False
497,1,4,27/05/2011,36790.72,False
498,1,4,03/06/2011,42508.02,False
499,1,4,10/06/2011,35376.06,False
500,1,4,17/06/2011,35523.17,False
501,1,4,24/06/2011,35062.02,False
502,1,4,01/07/2011,36451.71,False
503,1,4,08/07/2011,39149.99,False
504,1,4,15/07/2011,33930.8,False
505,1,4,22/07/2011,34630.02,False
506,1,4,29/07/2011,35555.5,False
507,1,4,05/08/2011,39339.09,False
508,1,4,12/08/2011,37449.94,False
509,1,4,19/08/2011,39148.87,False
510,1,4,26/08/2011,37495.2,False
511,1,4,02/09/2011,36589.07,False
512,1,4,09/09/2011,35105.96,True
513,1,4,16/09/2011,34108.12,False
514,1,4,23/09/2011,32655.07,False
515,1,4,30/09/2011,32830.81,False
516,1,4,07/10/2011,37397.63,False
517,1,4,14/10/2011,35000.3,False
518,1,4,21/10/2011,33954.55,False
519,1,4,28/10/2011,34247.26,False
520,1,4,04/11/2011,39354.84,False
521,1,4,11/11/2011,36826.52,False
522,1,4,18/11/2011,37656.58,False
523,1,4,25/11/2011,46564.14,True
524,1,4,02/12/2011,38489.63,False
525,1,4,09/12/2011,38729.31,False
526,1,4,16/12/2011,38266.47,False
527,1,4,23/12/2011,47785.93,False
528,1,4,30/12/2011,37371.22,True
529,1,4,06/01/2012,40925.76,False
530,1,4,13/01/2012,36582.36,False
531,1,4,20/01/2012,33780.2,False
532,1,4,27/01/2012,33613.91,False
533,1,4,03/02/2012,40274.83,False
534,1,4,10/02/2012,39305.13,True
535,1,4,17/02/2012,36550.46,False
536,1,4,24/02/2012,34953.85,False
537,1,4,02/03/2012,38459.98,False
538,1,4,09/03/2012,38934.77,False
539,1,4,16/03/2012,38125.32,False
540,1,4,23/03/2012,36586.52,False
541,1,4,30/03/2012,37718.51,False
542,1,4,06/04/2012,42060.21,False
543,1,4,13/04/2012,37449.26,False
544,1,4,20/04/2012,36350.03,False
545,1,4,27/04/2012,36894.54,False
546,1,4,04/05/2012,41897.55,False
547,1,4,11/05/2012,35840.06,False
548,1,4,18/05/2012,34536.29,False
549,1,4,25/05/2012,38270.34,False
550,1,4,01/06/2012,41566.55,False
551,1,4,08/06/2012,41124.27,False
552,1,4,15/06/2012,39019.74,False
553,1,4,22/06/2012,37400.31,False
554,1,4,29/06/2012,39758.77,False
555,1,4,06/07/2012,44936.96,False
556,1,4,13/07/2012,38073.91,False
557,1,4,20/07/2012,38080.05,False
558,1,4,27/07/2012,35197.59,False
559,1,4,03/08/2012,41305.39,False
560,1,4,10/08/2012,40343.83,False
561,1,4,17/08/2012,38105.9,False
562,1,4,24/08/2012,36674.67,False
563,1,4,31/08/2012,37802.97,False
564,1,4,07/09/2012,39549.27,True
565,1,4,14/09/2012,35044.06,False
566,1,4,21/09/2012,34507.34,False
567,1,4,28/09/2012,34647.33,False
568,1,4,05/10/2012,39311.93,False
569,1,4,12/10/2012,35446.18,False
570,1,4,19/10/2012,35549.19,False
571,1,4,26/10/2012,36292.6,False
572,1,5,05/02/2010,32229.38,False
573,1,5,12/02/2010,29620.81,True
574,1,5,19/02/2010,26468.27,False
575,1,5,26/02/2010,24101.89,False
576,1,5,05/03/2010,23082.14,False
577,1,5,12/03/2010,21498.92,False
578,1,5,19/03/2010,22632.57,False
579,1,5,26/03/2010,38971.89,False
580,1,5,02/04/2010,29967.92,False
581,1,5,09/04/2010,18516.45,False
582,1,5,16/04/2010,11570.27,False
583,1,5,23/04/2010,24763.98,False
584,1,5,30/04/2010,22006.41,False
585,1,5,07/05/2010,19260.44,False
586,1,5,14/05/2010,16891.66,False
587,1,5,21/05/2010,16157.17,False
588,1,5,28/05/2010,15784.6,False
589,1,5,04/06/2010,22932.26,False
590,1,5,11/06/2010,21817.36,False
591,1,5,18/06/2010,19778.44,False
592,1,5,25/06/2010,19054.58,False
593,1,5,02/07/2010,18887.71,False
594,1,5,09/07/2010,20249.54,False
595,1,5,16/07/2010,17918.22,False
596,1,5,23/07/2010,17313.46,False
597,1,5,30/07/2010,16472.48,False
598,1,5,06/08/2010,16926.17,False
599,1,5,13/08/2010,15544.62,False
600,1,5,20/08/2010,15412.44,False
601,1,5,27/08/2010,13570.32,False
602,1,5,03/09/2010,15390.52,False
603,1,5,10/09/2010,17776.56,True
604,1,5,17/09/2010,15862.61,False
605,1,5,24/09/2010,17039.38,False
606,1,5,01/10/2010,23381.38,False
607,1,5,08/10/2010,19853.57,False
608,1,5,15/10/2010,20443.05,False
609,1,5,22/10/2010,19525.85,False
610,1,5,29/10/2010,16377.46,False
611,1,5,05/11/2010,23903.81,False
612,1,5,12/11/2010,23698.89,False
613,1,5,19/11/2010,24716.49,False
614,1,5,26/11/2010,70158.86,True
615,1,5,03/12/2010,36472.02,False
616,1,5,10/12/2010,49517.17,False
617,1,5,17/12/2010,59589.48,False
618,1,5,24/12/2010,85676.09,False
619,1,5,31/12/2010,32280.82,True
620,1,5,07/01/2011,22699.69,False
621,1,5,14/01/2011,17445.37,False
622,1,5,21/01/2011,18438.07,False
623,1,5,28/01/2011,22118.7,False
624,1,5,04/02/2011,31280.62,False
625,1,5,11/02/2011,36667.65,True
626,1,5,18/02/2011,31092.62,False
627,1,5,25/02/2011,23870.31,False
628,1,5,04/03/2011,28902.37,False
629,1,5,11/03/2011,23704.37,False
630,1,5,18/03/2011,22685.69,False
631,1,5,25/03/2011,18719.22,False
632,1,5,01/04/2011,23598.55,False
633,1,5,08/04/2011,22393.09,False
634,1,5,15/04/2011,22719.82,False
635,1,5,22/04/2011,21786.16,False
636,1,5,29/04/2011,17503.28,False
637,1,5,06/05/2011,16195.54,False
638,1,5,13/05/2011,15587.78,False
639,1,5,20/05/2011,15575.25,False
640,1,5,27/05/2011,16613.98,False
641,1,5,03/06/2011,16848.76,False
642,1,5,10/06/2011,18648.73,False
643,1,5,17/06/2011,17861.56,False
644,1,5,24/06/2011,21695.24,False
645,1,5,01/07/2011,19239.86,False
646,1,5,08/07/2011,17989.45,False
647,1,5,15/07/2011,18444.8,False
648,1,5,22/07/2011,19331.53,False
649,1,5,29/07/2011,17406.68,False
650,1,5,05/08/2011,21183.42,False
651,1,5,12/08/2011,21320.93,False
652,1,5,19/08/2011,18643.51,False
653,1,5,26/08/2011,15478.26,False
654,1,5,02/09/2011,20432.91,False
655,1,5,09/09/2011,19075.78,True
656,1,5,16/09/2011,19386.23,False
657,1,5,23/09/2011,20562.37,False
658,1,5,30/09/2011,16385.37,False
659,1,5,07/10/2011,30352.06,False
660,1,5,14/10/2011,22917.89,False
661,1,5,21/10/2011,32700.34,False
662,1,5,28/10/2011,26391.79,False
663,1,5,04/11/2011,31956.07,False
664,1,5,11/11/2011,31002.65,False
665,1,5,18/11/2011,27339.37,False
666,1,5,25/11/2011,79340.15,True
667,1,5,02/12/2011,32572.27,False
668,1,5,09/12/2011,41782.13,False
669,1,5,16/12/2011,43479.7,False
670,1,5,23/12/2011,61483.82,False
671,1,5,30/12/2011,34981.76,True
672,1,5,06/01/2012,23105.81,False
673,1,5,13/01/2012,19281.61,False
674,1,5,20/01/2012,19298.42,False
675,1,5,27/01/2012,21376.42,False
676,1,5,03/02/2012,28307.43,False
677,1,5,10/02/2012,38096.04,True
678,1,5,17/02/2012,46219.96,False
679,1,5,24/02/2012,30797.88,False
680,1,5,02/03/2012,30642.53,False
681,1,5,09/03/2012,25492.21,False
682,1,5,16/03/2012,29345.72,False
683,1,5,23/03/2012,25442.13,False
684,1,5,30/03/2012,22392.09,False
685,1,5,06/04/2012,28386.81,False
686,1,5,13/04/2012,18458.33,False
687,1,5,20/04/2012,16645.01,False
688,1,5,27/04/2012,17170.39,False
689,1,5,04/05/2012,18953.07,False
690,1,5,11/05/2012,17277.63,False
691,1,5,18/05/2012,17955.73,False
692,1,5,25/05/2012,18625.67,False
693,1,5,01/06/2012,17233.25,False
694,1,5,08/06/2012,24752.99,False
695,1,5,15/06/2012,21376.63,False
696,1,5,22/06/2012,24337.24,False
697,1,5,29/06/2012,20233.9,False
698,1,5,06/07/2012,19684.48,False
699,1,5,13/07/2012,18089.61,False
700,1,5,20/07/2012,17896.46,False
701,1,5,27/07/2012,14105.4,False
702,1,5,03/08/2012,17615.28,False
703,1,5,10/08/2012,18232.46,False
704,1,5,17/08/2012,15440.65,False
705,1,5,24/08/2012,22446.23,False
706,1,5,31/08/2012,18615.76,False
707,1,5,07/09/2012,18236.15,True
708,1,5,14/09/2012,19369.52,False
709,1,5,21/09/2012,25798.78,False
710,1,5,28/09/2012,22560.39,False
711,1,5,05/10/2012,25508.81,False
712,1,5,12/10/2012,20920.03,False
713,1,5,19/10/2012,20413.83,False
714,1,5,26/10/2012,25846.94,False
715,1,6,05/02/2010,5749.03,False
716,1,6,12/02/2010,9135.0,True
717,1,6,19/02/2010,6060.26,False
718,1,6,26/02/2010,5244.56,False
719,1,6,05/03/2010,4221.25,False
720,1,6,12/03/2010,5619.0,False
721,1,6,19/03/2010,4906.05,False
722,1,6,26/03/2010,7468.33,False
723,1,6,02/04/2010,4132.61,False
724,1,6,09/04/2010,4428.8,False
725,1,6,16/04/2010,5020.78,False
726,1,6,23/04/2010,3945.19,False
727,1,6,30/04/2010,4736.15,False
728,1,6,07/05/2010,7477.7,False
729,1,6,14/05/2010,6982.17,False
730,1,6,21/05/2010,3395.75,False
731,1,6,28/05/2010,6165.59,False
732,1,6,04/06/2010,5484.9,False
733,1,6,11/06/2010,4082.04,False
734,1,6,18/06/2010,3902.26,False
735,1,6,25/06/2010,4239.1,False
736,1,6,02/07/2010,4541.91,False
737,1,6,09/07/2010,4986.25,False
738,1,6,16/07/2010,4772.7,False
739,1,6,23/07/2010,5758.04,False
740,1,6,30/07/2010,3932.95,False
741,1,6,06/08/2010,4700.38,False
742,1,6,13/08/2010,3885.01,False
743,1,6,20/08/2010,4067.35,False
744,1,6,27/08/2010,3389.29,False
745,1,6,03/09/2010,3553.75,False
746,1,6,10/09/2010,4432.69,True
747,1,6,17/09/2010,4492.88,False
748,1,6,24/09/2010,4601.39,False
749,1,6,01/10/2010,2876.19,False
750,1,6,08/10/2010,4168.36,False
751,1,6,15/10/2010,5024.04,False
752,1,6,22/10/2010,4291.27,False
753,1,6,29/10/2010,5424.27,False
754,1,6,05/11/2010,5036.99,False
755,1,6,12/11/2010,4248.34,False
756,1,6,19/11/2010,3507.65,False
757,1,6,26/11/2010,20163.69,True
758,1,6,03/12/2010,6356.96,False
759,1,6,10/12/2010,6440.06,False
760,1,6,17/12/2010,12078.11,False
761,1,6,24/12/2010,28497.52,False
762,1,6,31/12/2010,5878.25,True
763,1,6,07/01/2011,1376.15,False
764,1,6,14/01/2011,2355.86,False
765,1,6,21/01/2011,2163.84,False
766,1,6,28/01/2011,3200.68,False
767,1,6,04/02/2011,3324.96,False
768,1,6,11/02/2011,4542.8,True
769,1,6,18/02/2011,4033.43,False
770,1,6,25/02/2011,4203.87,False
771,1,6,04/03/2011,3882.86,False
772,1,6,11/03/2011,3928.8,False
773,1,6,18/03/2011,2889.22,False
774,1,6,25/03/2011,4508.3,False
775,1,6,01/04/2011,3249.27,False
776,1,6,08/04/2011,3340.31,False
777,1,6,15/04/2011,3798.07,False
778,1,6,22/04/2011,2995.07,False
779,1,6,29/04/2011,4298.02,False
780,1,6,06/05/2011,7213.53,False
781,1,6,13/05/2011,4162.52,False
782,1,6,20/05/2011,4640.76,False
783,1,6,27/05/2011,5572.35,False
784,1,6,03/06/2011,4021.54,False
785,1,6,10/06/2011,3079.94,False
786,1,6,17/06/2011,3004.81,False
787,1,6,24/06/2011,3020.07,False
788,1,6,01/07/2011,4047.92,False
789,1,6,08/07/2011,3412.08,False
790,1,6,15/07/2011,3154.33,False
791,1,6,22/07/2011,3665.52,False
792,1,6,29/07/2011,2839.92,False
793,1,6,05/08/2011,2864.27,False
794,1,6,12/08/2011,3124.83,False
795,1,6,19/08/2011,3717.28,False
796,1,6,26/08/2011,3296.22,False
797,1,6,02/09/2011,3461.79,False
798,1,6,09/09/2011,6147.43,True
799,1,6,16/09/2011,3806.5,False
800,1,6,23/09/2011,4718.28,False
801,1,6,30/09/2011,3489.24,False
802,1,6,07/10/2011,4733.74,False
803,1,6,14/10/2011,4248.69,False
804,1,6,21/10/2011,5111.85,False
805,1,6,28/10/2011,6227.43,False
806,1,6,04/11/2011,6223.03,False
807,1,6,11/11/2011,3527.62,False
808,1,6,18/11/2011,2640.98,False
809,1,6,25/11/2011,18629.83,True
810,1,6,02/12/2011,5240.63,False
811,1,6,09/12/2011,6714.41,False
812,1,6,16/12/2011,10022.4,False
813,1,6,23/12/2011,18931.11,False
814,1,6,30/12/2011,6629.6,True
815,1,6,06/01/2012,3665.25,False
816,1,6,13/01/2012,2460.92,False
817,1,6,20/01/2012,2427.46,False
818,1,6,27/01/2012,1649.4,False
819,1,6,03/02/2012,3981.09,False
820,1,6,10/02/2012,7338.85,True
821,1,6,17/02/2012,4223.42,False
822,1,6,24/02/2012,3784.06,False
823,1,6,02/03/2012,6464.52,False
824,1,6,09/03/2012,4183.3,False
825,1,6,16/03/2012,3905.72,False
826,1,6,23/03/2012,2856.83,False
827,1,6,30/03/2012,4540.27,False
828,1,6,06/04/2012,4764.43,False
829,1,6,13/04/2012,4500.12,False
830,1,6,20/04/2012,2988.96,False
831,1,6,27/04/2012,3319.32,False
832,1,6,04/05/2012,4658.18,False
833,1,6,11/05/2012,3574.83,False
834,1,6,18/05/2012,6030.81,False
835,1,6,25/05/2012,5131.26,False
836,1,6,01/06/2012,3249.75,False
837,1,6,08/06/2012,4888.46,False
838,1,6,15/06/2012,4087.58,False
839,1,6,22/06/2012,4870.31,False
840,1,6,29/06/2012,4774.5,False
841,1,6,06/07/2012,2828.03,False
842,1,6,13/07/2012,2776.97,False
843,1,6,20/07/2012,3496.53,False
844,1,6,27/07/2012,2545.65,False
845,1,6,03/08/2012,3412.58,False
846,1,6,10/08/2012,-139.65,False
847,1,6,17/08/2012,2725.3,False
848,1,6,24/08/2012,2626.5,False
849,1,6,31/08/2012,2987.07,False
850,1,6,07/09/2012,2576.64,True
851,1,6,14/09/2012,3073.31,False
852,1,6,21/09/2012,4159.51,False
853,1,6,28/09/2012,3168.68,False
854,1,6,05/10/2012,3843.29,False
855,1,6,12/10/2012,3788.59,False
856,1,6,19/10/2012,3496.69,False
857,1,6,26/10/2012,4032.5,False
858,1,7,05/02/2010,21084.08,False
859,1,7,12/02/2010,18310.31,True
860,1,7,19/02/2010,19985.2,False
861,1,7,26/02/2010,17224.22,False
862,1,7,05/03/2010,19659.7,False
863,1,7,12/03/2010,21529.14,False
864,1,7,19/03/2010,22711.59,False
865,1,7,26/03/2010,16254.21,False
866,1,7,02/04/2010,22427.62,False
867,1,7,09/04/2010,20516.64,False
868,1,7,16/04/2010,19330.26,False
869,1,7,23/04/2010,18534.4,False
870,1,7,30/04/2010,22723.48,False
871,1,7,07/05/2010,20457.62,False
872,1,7,14/05/2010,18771.35,False
873,1,7,21/05/2010,28726.86,False
874,1,7,28/05/2010,36911.59,False
875,1,7,04/06/2010,44563.68,False
876,1,7,11/06/2010,26910.46,False
877,1,7,18/06/2010,26984.25,False
878,1,7,25/06/2010,28912.18,False
879,1,7,02/07/2010,22589.0,False
880,1,7,09/07/2010,22767.34,False
881,1,7,16/07/2010,22666.55,False
882,1,7,23/07/2010,20029.1,False
883,1,7,30/07/2010,17709.46,False
884,1,7,06/08/2010,21842.57,False
885,1,7,13/08/2010,19178.36,False
886,1,7,20/08/2010,17821.71,False
887,1,7,27/08/2010,16309.44,False
888,1,7,03/09/2010,18005.65,False
889,1,7,10/09/2010,20824.49,True
890,1,7,17/09/2010,17397.01,False
891,1,7,24/09/2010,18227.39,False
892,1,7,01/10/2010,16481.79,False
893,1,7,08/10/2010,16350.96,False
894,1,7,15/10/2010,16296.65,False
895,1,7,22/10/2010,15395.27,False
896,1,7,29/10/2010,17598.98,False
897,1,7,05/11/2010,19136.58,False
898,1,7,12/11/2010,21019.7,False
899,1,7,19/11/2010,24313.72,False
900,1,7,26/11/2010,72635.06,True
901,1,7,03/12/2010,47406.83,False
902,1,7,10/12/2010,63896.89,False
903,1,7,17/12/2010,96198.12,False
904,1,7,24/12/2010,166697.72,False
905,1,7,31/12/2010,27433.06,True
906,1,7,07/01/2011,17516.16,False
907,1,7,14/01/2011,10774.06,False
908,1,7,21/01/2011,12657.33,False
909,1,7,28/01/2011,13957.4,False
910,1,7,04/02/2011,17239.86,False
911,1,7,11/02/2011,21169.06,True
912,1,7,18/02/2011,24549.68,False
913,1,7,25/02/2011,23811.23,False
914,1,7,04/03/2011,19607.4,False
915,1,7,11/03/2011,20304.74,False
916,1,7,18/03/2011,22751.59,False
917,1,7,25/03/2011,19958.0,False
918,1,7,01/04/2011,20144.71,False
919,1,7,08/04/2011,21617.85,False
920,1,7,15/04/2011,19955.07,False
921,1,7,22/04/2011,24606.39,False
922,1,7,29/04/2011,22934.42,False
923,1,7,06/05/2011,19394.0,False
924,1,7,13/05/2011,21344.39,False
925,1,7,20/05/2011,18787.41,False
926,1,7,27/05/2011,26736.85,False
927,1,7,03/06/2011,38450.3,False
928,1,7,10/06/2011,38569.49,False
929,1,7,17/06/2011,31439.02,False
930,1,7,24/06/2011,23791.78,False
931,1,7,01/07/2011,23747.1,False
932,1,7,08/07/2011,20691.6,False
933,1,7,15/07/2011,14805.42,False
934,1,7,22/07/2011,16002.3,False
935,1,7,29/07/2011,16061.11,False
936,1,7,05/08/2011,17388.43,False
937,1,7,12/08/2011,14088.28,False
938,1,7,19/08/2011,13413.8,False
939,1,7,26/08/2011,12116.03,False
940,1,7,02/09/2011,14564.8,False
941,1,7,09/09/2011,13370.82,True
942,1,7,16/09/2011,14948.27,False
943,1,7,23/09/2011,14836.91,False
944,1,7,30/09/2011,13908.4,False
945,1,7,07/10/2011,12758.28,False
946,1,7,14/10/2011,13900.54,False
947,1,7,21/10/2011,24664.06,False
948,1,7,28/10/2011,26827.51,False
949,1,7,04/11/2011,24182.96,False
950,1,7,11/11/2011,25942.35,False
951,1,7,18/11/2011,21953.16,False
952,1,7,25/11/2011,71151.34,True
953,1,7,02/12/2011,33118.33,False
954,1,7,09/12/2011,47751.41,False
955,1,7,16/12/2011,69511.06,False
956,1,7,23/12/2011,119302.15,False
957,1,7,30/12/2011,38216.01,True
958,1,7,06/01/2012,12377.76,False
959,1,7,13/01/2012,9194.61,False
960,1,7,20/01/2012,10189.61,False
961,1,7,27/01/2012,11228.15,False
962,1,7,03/02/2012,16556.71,False
963,1,7,10/02/2012,21619.05,True
964,1,7,17/02/2012,16849.62,False
965,1,7,24/02/2012,15956.87,False
966,1,7,02/03/2012,16473.91,False
967,1,7,09/03/2012,17500.24,False
968,1,7,16/03/2012,20690.01,False
969,1,7,23/03/2012,15628.59,False
970,1,7,30/03/2012,18684.0,False
971,1,7,06/04/2012,27171.41,False
972,1,7,13/04/2012,21302.3,False
973,1,7,20/04/2012,19056.92,False
974,1,7,27/04/2012,18704.53,False
975,1,7,04/05/2012,22956.83,False
976,1,7,11/05/2012,23036.8,False
977,1,7,18/05/2012,19180.11,False
978,1,7,25/05/2012,28671.98,False
979,1,7,01/06/2012,31568.92,False
980,1,7,08/06/2012,30052.56,False
981,1,7,15/06/2012,26249.22,False
982,1,7,22/06/2012,24777.12,False
983,1,7,29/06/2012,24077.39,False
984,1,7,06/07/2012,27364.96,False
985,1,7,13/07/2012,18427.17,False
986,1,7,20/07/2012,16528.1,False
987,1,7,27/07/2012,17171.35,False
988,1,7,03/08/2012,16916.29,False
989,1,7,10/08/2012,16552.49,False
990,1,7,17/08/2012,16256.91,False
991,1,7,24/08/2012,15159.94,False
992,1,7,31/08/2012,15802.09,False
993,1,7,07/09/2012,16941.42,True
994,1,7,14/09/2012,15525.82,False
995,1,7,21/09/2012,22542.44,False
996,1,7,28/09/2012,22343.24,False
997,1,7,05/10/2012,22071.39,False
998,1,7,12/10/2012,20212.71,False
999,1,7,19/10/2012,21937.45,False
1000,1,7,26/10/2012,21449.85,False
1001,1,8,05/02/2010,40129.01,False
1002,1,8,12/02/2010,37334.83,True
1003,1,8,19/02/2010,38717.6,False
1004,1,8,26/02/2010,35318.2,False
1005,1,8,05/03/2010,38776.09,False
1006,1,8,12/03/2010,34342.64,False
1007,1,8,19/03/2010,34188.52,False
1008,1,8,26/03/2010,33581.72,False
1009,1,8,02/04/2010,38151.58,False
1010,1,8,09/04/2010,34145.96,False
1011,1,8,16/04/2010,32890.54,False
1012,1,8,23/04/2010,32946.13,False
1013,1,8,30/04/2010,34168.23,False
1014,1,8,07/05/2010,35393.78,False
1015,1,8,14/05/2010,33131.69,False
1016,1,8,21/05/2010,34442.73,False
1017,1,8,28/05/2010,35046.1,False
1018,1,8,04/06/2010,35181.47,False
1019,1,8,11/06/2010,34036.53,False
1020,1,8,18/06/2010,33387.48,False
1021,1,8,25/06/2010,33731.24,False
1022,1,8,02/07/2010,35580.01,False
1023,1,8,09/07/2010,34721.25,False
1024,1,8,16/07/2010,33171.72,False
1025,1,8,23/07/2010,34350.12,False
1026,1,8,30/07/2010,33568.19,False
1027,1,8,06/08/2010,34833.35,False
1028,1,8,13/08/2010,32326.19,False
1029,1,8,20/08/2010,32249.35,False
1030,1,8,27/08/2010,31272.68,False
1031,1,8,03/09/2010,35562.68,False
1032,1,8,10/09/2010,32737.89,True
1033,1,8,17/09/2010,33762.32,False
1034,1,8,24/09/2010,31381.97,False
1035,1,8,01/10/2010,34658.25,False
1036,1,8,08/10/2010,35966.67,False
1037,1,8,15/10/2010,33747.68,False
1038,1,8,22/10/2010,32659.74,False
1039,1,8,29/10/2010,34917.77,False
1040,1,8,05/11/2010,36182.58,False
1041,1,8,12/11/2010,35527.64,False
1042,1,8,19/11/2010,35759.26,False
1043,1,8,26/11/2010,34099.53,True
1044,1,8,03/12/2010,36222.74,False
1045,1,8,10/12/2010,35188.54,False
1046,1,8,17/12/2010,36961.11,False
1047,1,8,24/12/2010,41864.0,False
1048,1,8,31/12/2010,32751.73,True
1049,1,8,07/01/2011,36599.46,False
1050,1,8,14/01/2011,34228.3,False
1051,1,8,21/01/2011,34547.4,False
1052,1,8,28/01/2011,35110.75,False
1053,1,8,04/02/2011,39903.33,False
1054,1,8,11/02/2011,36011.09,True
1055,1,8,18/02/2011,35386.72,False
1056,1,8,25/02/2011,34195.37,False
1057,1,8,04/03/2011,36369.58,False
1058,1,8,11/03/2011,34415.39,False
1059,1,8,18/03/2011,33301.63,False
1060,1,8,25/03/2011,32558.92,False
1061,1,8,01/04/2011,35319.05,False
1062,1,8,08/04/2011,34442.29,False
1063,1,8,15/04/2011,32224.01,False
1064,1,8,22/04/2011,32832.06,False
1065,1,8,29/04/2011,32827.42,False
1066,1,8,06/05/2011,37360.03,False
1067,1,8,13/05/2011,34727.2,False
1068,1,8,20/05/2011,35631.59,False
1069,1,8,27/05/2011,35972.12,False
1070,1,8,03/06/2011,36767.22,False
1071,1,8,10/06/2011,36099.62,False
1072,1,8,17/06/2011,34338.33,False
1073,1,8,24/06/2011,34014.16,False
1074,1,8,01/07/2011,34063.23,False
1075,1,8,08/07/2011,35582.39,False
1076,1,8,15/07/2011,33336.29,False
1077,1,8,22/07/2011,34006.29,False
1078,1,8,29/07/2011,31981.72,False
1079,1,8,05/08/2011,35484.32,False
1080,1,8,12/08/2011,31061.21,False
1081,1,8,19/08/2011,32707.8,False
1082,1,8,26/08/2011,32668.5,False
1083,1,8,02/09/2011,34963.68,False
1084,1,8,09/09/2011,34246.67,True
1085,1,8,16/09/2011,35018.8,False
1086,1,8,23/09/2011,33157.11,False
1087,1,8,30/09/2011,34173.84,False
1088,1,8,07/10/2011,36759.96,False
1089,1,8,14/10/2011,34131.81,False
1090,1,8,21/10/2011,32631.25,False
1091,1,8,28/10/2011,34429.75,False
1092,1,8,04/11/2011,36959.48,False
1093,1,8,11/11/2011,34003.52,False
1094,1,8,18/11/2011,33169.55,False
1095,1,8,25/11/2011,33243.85,True
1096,1,8,02/12/2011,35886.92,False
1097,1,8,09/12/2011,38226.32,False
1098,1,8,16/12/2011,37149.3,False
1099,1,8,23/12/2011,41062.58,False
1100,1,8,30/12/2011,32419.78,True
1101,1,8,06/01/2012,36797.0,False
1102,1,8,13/01/2012,34033.89,False
1103,1,8,20/01/2012,35356.12,False
1104,1,8,27/01/2012,34644.25,False
1105,1,8,03/02/2012,40069.47,False
1106,1,8,10/02/2012,38317.89,True
1107,1,8,17/02/2012,37244.73,False
1108,1,8,24/02/2012,37204.72,False
1109,1,8,02/03/2012,40307.19,False
1110,1,8,09/03/2012,36553.82,False
1111,1,8,16/03/2012,36141.27,False
1112,1,8,23/03/2012,33758.45,False
1113,1,8,30/03/2012,37745.71,False
1114,1,8,06/04/2012,41917.56,False
1115,1,8,13/04/2012,37295.29,False
1116,1,8,20/04/2012,36930.94,False
1117,1,8,27/04/2012,38531.76,False
1118,1,8,04/05/2012,41589.1,False
1119,1,8,11/05/2012,37702.53,False
1120,1,8,18/05/2012,37817.25,False
1121,1,8,25/05/2012,39067.0,False
1122,1,8,01/06/2012,41039.74,False
1123,1,8,08/06/2012,40236.23,False
1124,1,8,15/06/2012,38163.76,False
1125,1,8,22/06/2012,37693.88,False
1126,1,8,29/06/2012,37647.44,False
1127,1,8,06/07/2012,41524.67,False
1128,1,8,13/07/2012,36130.01,False
1129,1,8,20/07/2012,37797.31,False
1130,1,8,27/07/2012,36981.9,False
1131,1,8,03/08/2012,40098.84,False
1132,1,8,10/08/2012,37269.92,False
1133,1,8,17/08/2012,36294.18,False
1134,1,8,24/08/2012,33855.28,False
1135,1,8,31/08/2012,37666.92,False
1136,1,8,07/09/2012,38666.21,True
1137,1,8,14/09/2012,37346.83,False
1138,1,8,21/09/2012,36404.63,False
1139,1,8,28/09/2012,37254.84,False
1140,1,8,05/10/2012,42663.75,False
1141,1,8,12/10/2012,37248.47,False
1142,1,8,19/10/2012,38668.75,False
1143,1,8,26/10/2012,39255.35,False
1144,1,9,05/02/2010,16930.99,False
1145,1,9,12/02/2010,16562.49,True
1146,1,9,19/02/2010,15880.85,False
1147,1,9,26/02/2010,15175.52,False
1148,1,9,05/03/2010,24064.7,False
1149,1,9,12/03/2010,25605.58,False
1150,1,9,19/03/2010,33367.99,False
1151,1,9,26/03/2010,27897.97,False
1152,1,9,02/04/2010,25435.02,False
1153,1,9,09/04/2010,26113.67,False
1154,1,9,16/04/2010,28782.86,False
1155,1,9,23/04/2010,24664.06,False
1156,1,9,30/04/2010,24035.42,False
1157,1,9,07/05/2010,27588.34,False
1158,1,9,14/05/2010,25385.09,False
1159,1,9,21/05/2010,27798.19,False
1160,1,9,28/05/2010,29811.88,False
1161,1,9,04/06/2010,36317.39,False
1162,1,9,11/06/2010,26789.3,False
1163,1,9,18/06/2010,24934.43,False
1164,1,9,25/06/2010,24514.39,False
1165,1,9,02/07/2010,21032.55,False
1166,1,9,09/07/2010,27298.6,False
1167,1,9,16/07/2010,19092.63,False
1168,1,9,23/07/2010,19079.5,False
1169,1,9,30/07/2010,18959.82,False
1170,1,9,06/08/2010,19224.82,False
1171,1,9,13/08/2010,18684.26,False
1172,1,9,20/08/2010,21062.68,False
1173,1,9,27/08/2010,19860.51,False
1174,1,9,03/09/2010,39639.39,False
1175,1,9,10/09/2010,40143.87,True
1176,1,9,17/09/2010,28481.77,False
1177,1,9,24/09/2010,27585.27,False
1178,1,9,01/10/2010,44977.91,False
1179,1,9,08/10/2010,35836.59,False
1180,1,9,15/10/2010,32288.91,False
1181,1,9,22/10/2010,30302.47,False
1182,1,9,29/10/2010,31330.47,False
1183,1,9,05/11/2010,48794.36,False
1184,1,9,12/11/2010,37167.49,False
1185,1,9,19/11/2010,27561.57,False
1186,1,9,26/11/2010,44504.17,True
1187,1,9,03/12/2010,21979.41,False
1188,1,9,10/12/2010,26639.65,False
1189,1,9,17/12/2010,28716.62,False
1190,1,9,24/12/2010,47275.64,False
1191,1,9,31/12/2010,22884.84,True
1192,1,9,07/01/2011,16131.88,False
1193,1,9,14/01/2011,13215.27,False
1194,1,9,21/01/2011,11355.87,False
1195,1,9,28/01/2011,13213.73,False
1196,1,9,04/02/2011,18799.82,False
1197,1,9,11/02/2011,16065.13,True
1198,1,9,18/02/2011,21941.18,False
1199,1,9,25/02/2011,24517.18,False
1200,1,9,04/03/2011,27078.81,False
1201,1,9,11/03/2011,27860.95,False
1202,1,9,18/03/2011,33823.26,False
1203,1,9,25/03/2011,37050.06,False
1204,1,9,01/04/2011,28388.25,False
1205,1,9,08/04/2011,27560.77,False
1206,1,9,15/04/2011,28475.86,False
1207,1,9,22/04/2011,28657.31,False
1208,1,9,29/04/2011,23567.09,False
1209,1,9,06/05/2011,23957.45,False
1210,1,9,13/05/2011,23424.18,False
1211,1,9,20/05/2011,23918.77,False
1212,1,9,27/05/2011,26204.22,False
1213,1,9,03/06/2011,30796.28,False
1214,1,9,10/06/2011,27241.97,False
1215,1,9,17/06/2011,23176.62,False
1216,1,9,24/06/2011,24385.11,False
1217,1,9,01/07/2011,23809.04,False
1218,1,9,08/07/2011,24644.78,False
1219,1,9,15/07/2011,17344.99,False
1220,1,9,22/07/2011,16973.16,False
1221,1,9,29/07/2011,18244.55,False
1222,1,9,05/08/2011,21425.32,False
1223,1,9,12/08/2011,18708.23,False
1224,1,9,19/08/2011,18244.5,False
1225,1,9,26/08/2011,21140.44,False
1226,1,9,02/09/2011,38656.8,False
1227,1,9,09/09/2011,35450.71,True
1228,1,9,16/09/2011,27333.83,False
1229,1,9,23/09/2011,30988.32,False
1230,1,9,30/09/2011,44042.93,False
1231,1,9,07/10/2011,41729.36,False
1232,1,9,14/10/2011,32636.66,False
1233,1,9,21/10/2011,31062.86,False
1234,1,9,28/10/2011,34679.39,False
1235,1,9,04/11/2011,50675.72,False
1236,1,9,11/11/2011,37670.13,False
1237,1,9,18/11/2011,28932.57,False
1238,1,9,25/11/2011,42228.79,True
1239,1,9,02/12/2011,23042.52,False
1240,1,9,09/12/2011,27724.56,False
1241,1,9,16/12/2011,31948.63,False
1242,1,9,23/12/2011,45445.25,False
1243,1,9,30/12/2011,27192.39,True
1244,1,9,06/01/2012,20705.21,False
1245,1,9,13/01/2012,15416.12,False
1246,1,9,20/01/2012,13332.75,False
1247,1,9,27/01/2012,14728.57,False
1248,1,9,03/02/2012,19427.31,False
1249,1,9,10/02/2012,20985.41,True
1250,1,9,17/02/2012,23867.82,False
1251,1,9,24/02/2012,25957.89,False
1252,1,9,02/03/2012,30503.3,False
1253,1,9,09/03/2012,28291.68,False
1254,1,9,16/03/2012,37941.84,False
1255,1,9,23/03/2012,33541.36,False
1256,1,9,30/03/2012,50382.47,False
1257,1,9,06/04/2012,41235.34,False
1258,1,9,13/04/2012,33136.94,False
1259,1,9,20/04/2012,28111.87,False
1260,1,9,27/04/2012,30359.94,False
1261,1,9,04/05/2012,31552.3,False
1262,1,9,11/05/2012,28043.48,False
1263,1,9,18/05/2012,26160.37,False
1264,1,9,25/05/2012,29338.57,False
1265,1,9,01/06/2012,35001.66,False
1266,1,9,08/06/2012,30307.11,False
1267,1,9,15/06/2012,30249.01,False
1268,1,9,22/06/2012,28249.43,False
1269,1,9,29/06/2012,25081.23,False
1270,1,9,06/07/2012,32851.76,False
1271,1,9,13/07/2012,21464.73,False
1272,1,9,20/07/2012,22594.18,False
1273,1,9,27/07/2012,22921.21,False
1274,1,9,03/08/2012,23780.97,False
1275,1,9,10/08/2012,20400.88,False
1276,1,9,17/08/2012,23503.86,False
1277,1,9,24/08/2012,26262.95,False
1278,1,9,31/08/2012,41634.69,False
1279,1,9,07/09/2012,42920.95,True
1280,1,9,14/09/2012,31882.98,False
1281,1,9,21/09/2012,33889.72,False
1282,1,9,28/09/2012,40712.85,False
1283,1,9,05/10/2012,40439.53,False
1284,1,9,12/10/2012,37126.23,False
1285,1,9,19/10/2012,36690.81,False
1286,1,9,26/10/2012,41040.84,False
1287,1,10,05/02/2010,30721.5,False
1288,1,10,12/02/2010,31494.77,True
1289,1,10,19/02/2010,29634.13,False
1290,1,10,26/02/2010,27921.96,False
1291,1,10,05/03/2010,33299.27,False
1292,1,10,12/03/2010,28208.0,False
1293,1,10,19/03/2010,33731.81,False
1294,1,10,26/03/2010,31406.96,False
1295,1,10,02/04/2010,31794.04,False
1296,1,10,09/04/2010,32486.28,False
1297,1,10,16/04/2010,32134.61,False
1298,1,10,23/04/2010,29091.15,False
1299,1,10,30/04/2010,30666.59,False
1300,1,10,07/05/2010,32902.69,False
1301,1,10,14/05/2010,26568.32,False
1302,1,10,21/05/2010,26197.6,False
1303,1,10,28/05/2010,30894.79,False
1304,1,10,04/06/2010,34227.73,False
1305,1,10,11/06/2010,28149.18,False
1306,1,10,18/06/2010,32177.66,False
1307,1,10,25/06/2010,31667.6,False
1308,1,10,02/07/2010,29779.96,False
1309,1,10,09/07/2010,33138.28,False
1310,1,10,16/07/2010,31341.38,False
1311,1,10,23/07/2010,30078.61,False
1312,1,10,30/07/2010,29613.51,False
1313,1,10,06/08/2010,35078.09,False
1314,1,10,13/08/2010,31271.9,False
1315,1,10,20/08/2010,34848.72,False
1316,1,10,27/08/2010,31692.56,False
1317,1,10,03/09/2010,33457.07,False
1318,1,10,10/09/2010,32256.12,True
1319,1,10,17/09/2010,29212.99,False
1320,1,10,24/09/2010,29097.1,False
1321,1,10,01/10/2010,29764.24,False
1322,1,10,08/10/2010,30734.05,False
1323,1,10,15/10/2010,30847.4,False
1324,1,10,22/10/2010,26805.78,False
1325,1,10,29/10/2010,25464.1,False
1326,1,10,05/11/2010,31543.83,False
1327,1,10,12/11/2010,26288.47,False
1328,1,10,19/11/2010,26066.48,False
1329,1,10,26/11/2010,31090.69,True
1330,1,10,03/12/2010,26558.42,False
1331,1,10,10/12/2010,28569.66,False
1332,1,10,17/12/2010,28609.0,False
1333,1,10,24/12/2010,31325.61,False
1334,1,10,31/12/2010,25764.32,True
1335,1,10,07/01/2011,24500.27,False
1336,1,10,14/01/2011,23058.41,False
1337,1,10,21/01/2011,23852.51,False
1338,1,10,28/01/2011,26223.02,False
1339,1,10,04/02/2011,33036.92,False
1340,1,10,11/02/2011,35673.56,True
1341,1,10,18/02/2011,34655.18,False
1342,1,10,25/02/2011,33148.39,False
1343,1,10,04/03/2011,36246.52,False
1344,1,10,11/03/2011,31563.06,False
1345,1,10,18/03/2011,33739.79,False
1346,1,10,25/03/2011,42875.11,False
1347,1,10,01/04/2011,30863.93,False
1348,1,10,08/04/2011,32563.54,False
1349,1,10,15/04/2011,32040.83,False
1350,1,10,22/04/2011,34446.35,False
1351,1,10,29/04/2011,28188.01,False
1352,1,10,06/05/2011,28902.6,False
1353,1,10,13/05/2011,28848.69,False
1354,1,10,20/05/2011,28586.42,False
1355,1,10,27/05/2011,30235.6,False
1356,1,10,03/06/2011,35960.03,False
1357,1,10,10/06/2011,31578.41,False
1358,1,10,17/06/2011,31612.86,False
1359,1,10,24/06/2011,29831.79,False
1360,1,10,01/07/2011,29583.91,False
1361,1,10,08/07/2011,31714.81,False
1362,1,10,15/07/2011,28299.95,False
1363,1,10,22/07/2011,29459.23,False
1364,1,10,29/07/2011,30521.96,False
1365,1,10,05/08/2011,32548.48,False
1366,1,10,12/08/2011,31383.62,False
1367,1,10,19/08/2011,28909.06,False
1368,1,10,26/08/2011,30630.65,False
1369,1,10,02/09/2011,30606.87,False
1370,1,10,09/09/2011,31416.52,True
1371,1,10,16/09/2011,32147.59,False
1372,1,10,23/09/2011,27300.29,False
1373,1,10,30/09/2011,31036.88,False
1374,1,10,07/10/2011,31083.31,False
1375,1,10,14/10/2011,30888.69,False
1376,1,10,21/10/2011,28827.99,False
1377,1,10,28/10/2011,28349.42,False
1378,1,10,04/11/2011,31588.66,False
1379,1,10,11/11/2011,32346.54,False
1380,1,10,18/11/2011,28013.63,False
1381,1,10,25/11/2011,30877.51,True
1382,1,10,02/12/2011,32006.18,False
1383,1,10,09/12/2011,31747.07,False
1384,1,10,16/12/2011,30816.81,False
1385,1,10,23/12/2011,30434.19,False
1386,1,10,30/12/2011,26147.46,True
1387,1,10,06/01/2012,29927.33,False
1388,1,10,13/01/2012,23995.69,False
1389,1,10,20/01/2012,25331.83,False
1390,1,10,27/01/2012,23650.22,False
1391,1,10,03/02/2012,33524.28,False
1392,1,10,10/02/2012,37764.38,True
1393,1,10,17/02/2012,40409.5,False
1394,1,10,24/02/2012,37507.44,False
1395,1,10,02/03/2012,39036.14,False
1396,1,10,09/03/2012,34858.03,False
1397,1,10,16/03/2012,33405.1,False
1398,1,10,23/03/2012,33327.09,False
1399,1,10,30/03/2012,43718.05,False
1400,1,10,06/04/2012,36666.29,False
1401,1,10,13/04/2012,29709.53,False
1402,1,10,20/04/2012,30838.26,False
1403,1,10,27/04/2012,29433.27,False
1404,1,10,04/05/2012,35800.66,False
1405,1,10,11/05/2012,32271.72,False
1406,1,10,18/05/2012,30339.17,False
1407,1,10,25/05/2012,34203.35,False
1408,1,10,01/06/2012,37294.14,False
1409,1,10,08/06/2012,36155.27,False
1410,1,10,15/06/2012,32578.62,False
1411,1,10,22/06/2012,32851.06,False
1412,1,10,29/06/2012,33135.34,False
1413,1,10,06/07/2012,39189.33,False
1414,1,10,13/07/2012,31430.55,False
1415,1,10,20/07/2012,29187.22,False
1416,1,10,27/07/2012,30594.53,False
1417,1,10,03/08/2012,32794.21,False
1418,1,10,10/08/2012,33834.22,False
1419,1,10,17/08/2012,29723.55,False
1420,1,10,24/08/2012,27884.19,False
1421,1,10,31/08/2012,28490.93,False
1422,1,10,07/09/2012,30851.75,True
1423,1,10,14/09/2012,31705.09,False
1424,1,10,21/09/2012,29203.63,False
1425,1,10,28/09/2012,27205.4,False
1426,1,10,05/10/2012,27822.4,False
1427,1,10,12/10/2012,27803.78,False
1428,1,10,19/10/2012,29442.38,False
1429,1,10,26/10/2012,26285.27,False
