,Store,Date,Temperature,Fuel_Price,CPI,Unemployment,IsHoliday
463,Buffalo,2010-01-10,48.29,3.129,223.0090839,7.197,True
177,Las Vegas,2010-01-10,83.94,3.495,,,False
606,Seattle,2010-01-10,56.99,3.5210000000000004,128.7199355,5.9460000000000015,False
34,Las Vegas,2010-01-10,71.89,2.603,211.6719895,7.837999999999999,False
320,Los Angeles,2010-01-10,79.45,3.666,222.6164329,6.565,False
151,Las Vegas,2010-02-04,44.79,3.108,223.9604143,6.573,True
723,Seattle,2010-02-04,86.29,3.452,,,False
580,Seattle,2010-02-04,63.96,2.619,126.2346,7.127000000000002,False
437,Buffalo,2010-02-04,85.1,3.524,218.5467052,7.567,False
8,Las Vegas,2010-02-04,62.27,2.719,210.8204499,7.808,False
294,Los Angeles,2010-02-04,66.83,3.845,220.9991248,7.057,False
450,Buffalo,2010-02-07,82.58,3.355,220.085696,7.567,False
21,Las Vegas,2010-02-07,80.91,2.669,211.2235333,7.787000000000001,False
593,Seattle,2010-02-07,38.09,2.955,127.0876774,7.127000000000002,True
164,Las Vegas,2010-02-07,51.0,3.606,225.0029202,6.525,False
307,Los Angeles,2010-02-07,86.32,3.286,221.48133430000004,6.891,False
145,Las Vegas,2010-02-19,52.92,3.252,223.5129105,6.573,False
2,Las Vegas,2010-02-19,39.93,2.514,211.2891429,8.106,False
574,Seattle,2010-02-19,78.83,2.6710000000000003,126.0766452,7.372000000000001,False
717,Seattle,2010-02-19,70.5,3.437,,,False
288,Los Angeles,2010-02-19,43.82,3.51,220.0651993,7.057,False
431,Buffalo,2010-02-19,75.79,3.907,219.127216,7.574,False
432,Buffalo,2010-02-26,84.41,3.786,218.8860765,7.574,False
3,Las Vegas,2010-02-26,46.63,2.5610000000000004,211.3196429,8.106,False
575,Seattle,2010-02-26,74.44,2.6210000000000004,126.0892903,7.372000000000001,False
146,Las Vegas,2010-02-26,56.23,3.2110000000000003,223.5619474,6.573,True
289,Los Angeles,2010-02-26,54.63,3.555,220.275944,7.057,False
718,Seattle,2010-02-26,76.73,3.462,,,False
602,Seattle,2010-03-09,46.56,3.305,128.26475,6.51,False
316,Los Angeles,2010-03-09,82.64,3.638,221.9415576,6.565,False
459,Buffalo,2010-03-09,54.97,3.172,222.1589519,7.197,False
30,Las Vegas,2010-03-09,81.21,2.577,211.53124790000004,7.787000000000001,False
173,Las Vegas,2010-03-09,78.02,3.466,,,False
43,Las Vegas,2010-03-12,49.27,2.708,211.607193,7.837999999999999,False
186,Los Angeles,2010-03-12,47.17,2.625,211.0067542,8.324,False
329,Los Angeles,2010-03-12,52.64,3.207,223.2445318,6.17,False
472,Buffalo,2010-03-12,61.65,3.63,224.3470245,6.832999999999998,False
615,Seattle,2010-03-12,78.26,3.683,129.0490323,5.9460000000000015,False
6,Las Vegas,2010-03-19,54.58,2.72,211.215635,8.106,False
292,Los Angeles,2010-03-19,63.68,3.734,220.8498468,7.057,False
435,Buffalo,2010-03-19,86.96,3.637,218.3551748,7.574,False
721,Seattle,2010-03-19,79.24,3.415,,,False
578,Seattle,2010-03-19,64.91,2.594,126.1454667,7.372000000000001,False
149,Las Vegas,2010-03-19,48.89,3.168,223.7192767,6.573,False
579,Seattle,2010-03-26,60.96,2.642,126.19003329999998,7.372000000000001,False
722,Seattle,2010-03-26,79.1,3.4530000000000003,,,False
7,Las Vegas,2010-03-26,51.45,2.732,211.0180424,8.106,False
150,Las Vegas,2010-03-26,56.02,3.0980000000000003,223.8398455,6.573,False
436,Buffalo,2010-03-26,84.94,3.594,218.45094,7.574,False
293,Los Angeles,2010-03-26,64.01,3.787,220.9244858,7.057,False
160,Las Vegas,2010-04-06,48.01,3.711,224.56452630000004,6.525,False
303,Los Angeles,2010-04-06,78.38,3.5010000000000003,221.3852748,6.891,False
446,Buffalo,2010-04-06,89.12,3.533,219.1501106,7.567,False
17,Las Vegas,2010-04-06,80.69,2.705,211.1764278,7.808,False
589,Seattle,2010-04-06,46.4,2.727,126.7313333,7.127000000000002,False
10,Las Vegas,2010-04-16,66.32,2.8080000000000003,210.4887,7.808,False
296,Los Angeles,2010-04-16,68.08,3.891,221.1484028,6.891,False
439,Buffalo,2010-04-16,87.14,3.575,218.7275216,7.567,False
153,Las Vegas,2010-04-16,50.32,3.2430000000000003,224.2015518,6.525,False
582,Seattle,2010-04-16,62.03,2.732,126.3266774,7.127000000000002,False
725,Seattle,2010-04-16,82.3,3.3680000000000003,,,False
154,Las Vegas,2010-04-23,42.92,3.237,224.2358132,6.525,False
297,Los Angeles,2010-04-23,65.69,3.877,221.2021074,6.891,False
583,Seattle,2010-04-23,64.17,2.736,126.3815484,7.127000000000002,False
440,Buffalo,2010-04-23,86.19,3.651,218.7857881,7.567,False
726,Seattle,2010-04-23,73.29,3.518,,,False
11,Las Vegas,2010-04-23,64.84,2.795,210.4391228,7.808,False
155,Las Vegas,2010-04-30,53.37,3.227,224.2355518,6.525,False
727,Seattle,2010-04-30,78.96,3.58,,,False
298,Los Angeles,2010-04-30,67.2,3.814,221.255812,6.891,False
441,Buffalo,2010-04-30,88.07,3.682,218.8440545,7.567,False
584,Seattle,2010-04-30,56.94,2.718,126.43641940000002,7.127000000000002,False
12,Las Vegas,2010-04-30,67.41,2.78,210.3895456,7.808,False
429,Buffalo,2010-05-02,69.45,3.906,219.1959827,7.574,False
572,Seattle,2010-05-02,76.53,2.64,126.08545159999998,7.372000000000001,False
715,Seattle,2010-05-02,64.18,3.369,,,False
286,Los Angeles,2010-05-02,55.21,3.36,219.8118854,7.057,False
143,Las Vegas,2010-05-02,55.32,3.386,223.4627793,6.573,False
0,Las Vegas,2010-05-02,42.31,2.572,211.0963582,8.106,False
290,Los Angeles,2010-05-03,58.79,3.63,220.4866886,7.057,False
147,Las Vegas,2010-05-03,52.34,3.207,223.6109842,6.573,False
719,Seattle,2010-05-03,79.17,3.438,,,False
4,Las Vegas,2010-05-03,46.5,2.625,211.3501429,8.106,False
576,Seattle,2010-05-03,76.8,2.584,126.1019355,7.372000000000001,False
433,Buffalo,2010-05-03,84.29,3.699,218.6449369,7.574,False
182,Los Angeles,2010-05-11,40.19,2.572,210.75260530000003,8.324,False
611,Seattle,2010-05-11,63.41,3.866,129.04443329999998,5.9460000000000015,False
468,Buffalo,2010-05-11,59.33,3.36,223.6591137,6.832999999999998,False
325,Los Angeles,2010-05-11,56.4,3.386,223.0968655,6.17,False
39,Las Vegas,2010-05-11,58.74,2.689,211.9563939,7.837999999999999,False
586,Seattle,2010-05-14,52.65,2.741,126.5461613,7.127000000000002,False
300,Los Angeles,2010-05-14,73.87,3.688,221.3632212,6.891,False
443,Buffalo,2010-05-14,88.88,3.638,218.9605873,7.567,False
157,Las Vegas,2010-05-14,56.67,3.417,224.2350289,6.525,True
14,Las Vegas,2010-05-14,74.78,2.854,210.3374261,7.808,False
15,Las Vegas,2010-05-21,76.44,2.826,210.6170934,7.808,False
158,Las Vegas,2010-05-21,49.66,3.475,224.2760526,6.525,False
587,Seattle,2010-05-21,48.05,2.78,126.6072,7.127000000000002,False
301,Los Angeles,2010-05-21,71.27,3.63,221.380331,6.891,False
444,Buffalo,2010-05-21,88.44,3.554,219.023271,7.567,False
159,Las Vegas,2010-05-28,50.25,3.597,224.4202895,6.525,False
588,Seattle,2010-05-28,48.08,2.752,126.6692667,7.127000000000002,True
302,Los Angeles,2010-05-28,78.19,3.5610000000000004,221.3828029,6.891,False
16,Las Vegas,2010-05-28,80.44,2.759,210.8967606,7.808,False
445,Buffalo,2010-05-28,87.67,3.523,219.08669080000004,7.567,False
169,Las Vegas,2010-06-08,66.66,3.386,,,False
455,Buffalo,2010-06-08,59.31,3.332,221.245968,7.197,False
26,Las Vegas,2010-06-08,87.16,2.627,211.5046621,7.787000000000001,False
598,Seattle,2010-06-08,34.61,2.9960000000000004,127.7195806,6.51,False
312,Los Angeles,2010-06-08,90.22,3.417,221.5869799,6.565,False
448,Buffalo,2010-06-18,83.63,3.526,219.3972867,7.567,False
19,Las Vegas,2010-06-18,84.11,2.637,211.4537719,7.808,False
305,Los Angeles,2010-06-18,80.56,3.393,221.4009901,6.891,False
591,Seattle,2010-06-18,46.57,2.884,126.8794839,7.127000000000002,False
162,Las Vegas,2010-06-18,55.33,3.622,224.8356808,6.525,False
592,Seattle,2010-06-25,43.21,2.887,126.98358059999998,7.127000000000002,False
449,Buffalo,2010-06-25,80.19,3.467,219.7414914,7.567,False
163,Las Vegas,2010-06-25,63.42,3.611,224.9193005,6.525,False
306,Los Angeles,2010-06-25,81.04,3.346,221.4411622,6.891,False
20,Las Vegas,2010-06-25,84.34,2.653,211.3386526,7.808,False
299,Los Angeles,2010-07-05,76.73,3.749,221.3095166,6.891,False
585,Seattle,2010-07-05,51.6,2.699,126.4912903,7.127000000000002,False
442,Buffalo,2010-07-05,88.45,3.684,218.90232090000003,7.567,False
156,Las Vegas,2010-07-05,56.46,3.244,224.2352903,6.525,False
13,Las Vegas,2010-07-05,72.55,2.835,210.3399684,7.808,False
23,Las Vegas,2010-07-16,83.15,2.623,211.1003854,7.787000000000001,False
309,Los Angeles,2010-07-16,80.17,3.256,221.5616784,6.565,False
595,Seattle,2010-07-16,31.6,2.992,127.3009355,6.51,False
452,Buffalo,2010-07-16,73.75,3.274,220.7486167,7.197,False
166,Las Vegas,2010-07-16,62.72,3.529,225.1701596,6.314,False
310,Los Angeles,2010-07-23,83.23,3.3110000000000004,221.5701123,6.565,False
167,Las Vegas,2010-07-23,67.1,3.451,225.1701596,6.314,False
453,Buffalo,2010-07-23,69.03,3.353,220.9144005,7.197,False
24,Las Vegas,2010-07-23,83.36,2.608,211.2351443,7.787000000000001,False
596,Seattle,2010-07-23,38.34,3.017,127.44048390000002,6.51,False
25,Las Vegas,2010-07-30,81.84,2.64,211.36990319999995,7.787000000000001,False
454,Buffalo,2010-07-30,71.04,3.372,221.0801842,7.197,False
597,Seattle,2010-07-30,40.6,3.022,127.58003229999998,6.51,False
311,Los Angeles,2010-07-30,86.37,3.407,221.5785461,6.565,False
168,Las Vegas,2010-07-30,59.23,3.417,225.1701596,6.314,False
178,Las Vegas,2010-08-10,79.85,3.422,,,False
321,Los Angeles,2010-08-10,70.27,3.617,222.8159296,6.17,False
607,Seattle,2010-08-10,62.61,3.605,128.8238065,5.9460000000000015,False
464,Buffalo,2010-08-10,52.42,3.157,223.1923049,6.832999999999998,False
35,Las Vegas,2010-08-10,63.93,2.633,211.7467544,7.837999999999999,False
27,Las Vegas,2010-08-13,87.0,2.692,211.6394211,7.787000000000001,False
456,Buffalo,2010-08-13,61.7,3.297,221.4117517,7.197,False
170,Las Vegas,2010-08-13,63.9,3.392,,,False
599,Seattle,2010-08-13,33.29,3.033,127.859129,6.51,True
313,Los Angeles,2010-08-13,88.55,3.494,221.5954138,6.565,False
171,Las Vegas,2010-08-20,69.53,3.454,,,False
600,Seattle,2010-08-20,48.17,3.0580000000000003,127.99525,6.51,False
457,Buffalo,2010-08-20,63.91,3.3080000000000003,221.6432852,7.197,False
28,Las Vegas,2010-08-20,86.65,2.664,211.6033633,7.787000000000001,False
314,Los Angeles,2010-08-20,84.79,3.571,221.6751459,6.565,False
29,Las Vegas,2010-08-27,85.22,2.619,211.5673056,7.787000000000001,False
601,Seattle,2010-08-27,49.0,3.087,128.13,6.51,False
172,Las Vegas,2010-08-27,77.19,3.494,,,False
315,Los Angeles,2010-08-27,76.91,3.62,221.80835180000003,6.565,False
458,Buffalo,2010-08-27,68.0,3.236,221.9011185,7.197,True
581,Seattle,2010-09-04,67.73,2.645,126.27916670000002,7.127000000000002,False
724,Seattle,2010-09-04,76.96,3.385,,,False
152,Las Vegas,2010-09-04,41.73,3.161,224.080983,6.525,False
438,Buffalo,2010-09-04,85.38,3.48,218.6424704,7.567,False
295,Los Angeles,2010-09-04,68.43,3.891,221.0737638,6.891,False
9,Las Vegas,2010-09-04,65.86,2.77,210.6228574,7.808,False
22,Las Vegas,2010-09-07,80.48,2.642,211.108414,7.787000000000001,False
308,Los Angeles,2010-09-07,84.2,3.227,221.5215064,6.565,False
451,Buffalo,2010-09-07,75.54,3.285,220.4299007,7.197,False
594,Seattle,2010-09-07,39.34,2.98,127.1917742,6.51,False
165,Las Vegas,2010-09-07,58.59,3.583,225.0865399,6.314,False
604,Seattle,2010-09-17,51.86,3.495,128.5121935,6.51,False
318,Los Angeles,2010-09-17,75.88,3.717,222.2174395,6.565,False
461,Buffalo,2010-09-17,57.95,3.159,222.6426418,7.197,False
175,Las Vegas,2010-09-17,79.86,3.431,,,False
32,Las Vegas,2010-09-17,82.11,2.582,211.5224596,7.787000000000001,False
176,Las Vegas,2010-09-24,81.35,3.479,,,False
605,Seattle,2010-09-24,59.1,3.48,128.6160645,6.51,False
319,Los Angeles,2010-09-24,71.09,3.721,222.4169362,6.565,False
33,Las Vegas,2010-09-24,80.94,2.624,211.5972246,7.787000000000001,False
462,Buffalo,2010-09-24,53.41,3.112,222.8258628,7.197,False
317,Los Angeles,2010-10-09,87.65,3.73,222.0747635,6.565,True
603,Seattle,2010-10-09,50.93,3.4610000000000003,128.3995,6.51,False
174,Las Vegas,2010-10-09,76.44,3.439,,,False
31,Las Vegas,2010-10-09,78.69,2.565,211.4951902,7.787000000000001,True
460,Buffalo,2010-10-09,49.26,3.158,222.4167852,7.197,False
44,Las Vegas,2010-10-12,46.33,2.843,211.4659526,7.837999999999999,False
473,Buffalo,2010-10-12,60.71,3.669,224.5620291,6.832999999999998,False
330,Los Angeles,2010-10-12,64.19,3.198,223.2933463,6.17,False
187,Los Angeles,2010-10-12,57.56,2.667,211.037551,8.324,False
616,Seattle,2010-10-12,80.05,3.64,129.0357097,5.9460000000000015,False
322,Los Angeles,2010-10-15,60.97,3.6010000000000004,223.01542630000003,6.17,False
465,Buffalo,2010-10-15,51.86,3.261,223.3755259,6.832999999999998,False
36,Las Vegas,2010-10-15,67.18,2.72,211.8137436,7.837999999999999,False
608,Seattle,2010-10-15,62.34,3.724,128.91073329999998,5.9460000000000015,False
179,Las Vegas,2010-10-15,83.12,3.4,,,False
609,Seattle,2010-10-22,68.8,3.781,128.9553,5.9460000000000015,False
466,Buffalo,2010-10-22,56.2,3.268,223.4700552,6.832999999999998,False
323,Los Angeles,2010-10-22,68.08,3.594,223.0598077,6.17,False
180,Las Vegas,2010-10-22,79.26,3.556,,,False
37,Las Vegas,2010-10-22,69.86,2.725,211.8612937,7.837999999999999,False
467,Buffalo,2010-10-29,58.06,3.29,223.5645845,6.832999999999998,False
181,Las Vegas,2010-10-29,81.54,3.62,,,False
610,Seattle,2010-10-29,64.22,3.781,128.9998667,5.9460000000000015,False
38,Las Vegas,2010-10-29,69.64,2.716,211.9088438,7.837999999999999,False
324,Los Angeles,2010-10-29,69.79,3.506,223.0783366,6.17,False
590,Seattle,2010-11-06,42.4,2.86,126.7934,7.127000000000002,False
447,Buffalo,2010-11-06,81.72,3.5460000000000003,219.2135305,7.567,True
18,Las Vegas,2010-11-06,80.43,2.668,211.4560951,7.808,False
304,Los Angeles,2010-11-06,78.69,3.452,221.3877467,6.891,False
161,Las Vegas,2010-11-06,50.81,3.658,224.7087632,6.525,False
41,Las Vegas,2010-11-19,51.41,2.7710000000000004,211.8896737,7.837999999999999,False
327,Los Angeles,2010-11-19,52.72,3.252,223.1469028,6.17,False
470,Buffalo,2010-11-19,52.39,3.51,223.9170153,6.832999999999998,False
184,Los Angeles,2010-11-19,39.69,2.514,210.9451605,8.324,False
613,Seattle,2010-11-19,70.49,3.881,129.0756774,5.9460000000000015,False
471,Buffalo,2010-11-26,60.12,3.555,224.1320199,6.832999999999998,False
328,Los Angeles,2010-11-26,58.06,3.2110000000000003,223.1957173,6.17,True
614,Seattle,2010-11-26,73.65,3.771,129.0623548,5.9460000000000015,False
42,Las Vegas,2010-11-26,64.52,2.735,211.7484333,7.837999999999999,True
185,Los Angeles,2010-11-26,46.1,2.5610000000000004,210.97595730000003,8.324,False
287,Los Angeles,2010-12-02,46.98,3.409,219.9049073,7.057,True
1,Las Vegas,2010-12-02,38.51,2.548,211.24216980000003,8.106,True
716,Seattle,2010-12-02,64.01,3.3710000000000004,,,False
430,Buffalo,2010-12-02,79.87,3.899,219.3683556,7.574,False
144,Las Vegas,2010-12-02,61.24,3.314,223.48130730000003,6.573,False
573,Seattle,2010-12-02,78.08,2.698,126.064,7.372000000000001,False
5,Las Vegas,2010-12-03,57.79,2.667,211.3806429,8.106,False
720,Seattle,2010-12-03,78.11,3.4130000000000003,,,False
434,Buffalo,2010-12-03,84.84,3.648,218.4037974,7.574,False
291,Los Angeles,2010-12-03,57.11,3.669,220.6974332,7.057,False
577,Seattle,2010-12-03,73.54,2.574,126.11458059999998,7.372000000000001,True
148,Las Vegas,2010-12-03,64.12,3.198,223.6600211,6.573,False
469,Buffalo,2010-12-11,51.65,3.409,223.753643,6.832999999999998,True
183,Los Angeles,2010-12-11,38.49,2.548,210.8979935,8.324,True
326,Los Angeles,2010-12-11,61.9,3.314,223.1153944,6.17,False
40,Las Vegas,2010-12-11,59.61,2.728,212.003944,7.837999999999999,False
612,Seattle,2010-12-11,70.65,3.872,129.089,5.9460000000000015,False
45,Las Vegas,2010-12-17,49.84,2.869,211.4053124,7.837999999999999,False
188,Los Angeles,2010-12-17,54.52,2.72,210.8733316,8.324,False
474,Buffalo,2010-12-17,64.0,3.734,224.71669530000003,6.832999999999998,False
331,Los Angeles,2010-12-17,47.69,3.168,223.3523969,6.17,False
617,Seattle,2010-12-17,83.51,3.618,129.0432,5.9460000000000015,False
332,Los Angeles,2010-12-24,55.14,3.0980000000000003,223.4728642,6.17,False
618,Seattle,2010-12-24,81.85,3.57,129.0663,5.9460000000000015,False
189,Los Angeles,2010-12-24,51.26,2.732,210.6766095,8.324,False
46,Las Vegas,2010-12-24,52.33,2.886,211.4051222,7.837999999999999,False
475,Buffalo,2010-12-24,66.53,3.787,224.79091040000003,6.832999999999998,False
619,Seattle,2010-12-31,84.54,3.504,129.0894,5.644,False
333,Los Angeles,2010-12-31,41.56,3.108,223.5933316,6.17,True
476,Buffalo,2010-12-31,69.36,3.845,224.8651254,6.832999999999998,False
190,Los Angeles,2010-12-31,63.27,2.719,210.4798874,8.2,False
47,Las Vegas,2010-12-31,48.43,2.943,211.4049321,7.837999999999999,True
632,Seattle,2011-01-04,72.15,3.3710000000000004,129.6060667,5.644,False
346,Los Angeles,2011-01-04,50.54,3.606,224.6359852,6.237,False
489,Buffalo,2011-01-04,86.42,3.286,225.3492435,6.664,False
60,Las Vegas,2011-01-04,59.17,3.524,214.8371664,7.682,False
203,Los Angeles,2011-01-04,82.74,2.669,210.8803726,8.099,False
645,Seattle,2011-01-07,36.89,3.119,130.07103229999998,5.143,True
216,Los Angeles,2011-01-07,69.24,2.603,211.3298742,8.163,False
73,Las Vegas,2011-01-07,85.55,3.524,215.18413680000003,7.9620000000000015,False
359,Los Angeles,2011-01-07,85.37,3.495,,,False
502,Buffalo,2011-01-07,77.46,3.666,226.5180926,6.334,False
335,Los Angeles,2011-01-14,47.42,3.2430000000000003,223.8342663,6.237,False
49,Las Vegas,2011-01-14,35.4,2.983,211.4574109,7.742000000000001,False
621,Seattle,2011-01-14,83.27,3.563,129.1338387,5.644,False
478,Buffalo,2011-01-14,72.83,3.891,225.0135556,6.664,False
192,Los Angeles,2011-01-14,68.07,2.8080000000000003,210.1495463,8.2,False
622,Seattle,2011-01-21,82.84,3.627,129.1507742,5.644,False
479,Buffalo,2011-01-21,72.05,3.877,225.0689541,6.664,False
336,Los Angeles,2011-01-21,40.98,3.237,223.86882000000003,6.237,False
193,Los Angeles,2011-01-21,65.11,2.795,210.1000648,8.2,False
50,Las Vegas,2011-01-21,44.04,3.016,211.82723430000004,7.742000000000001,False
480,Buffalo,2011-01-28,73.39,3.814,225.1243526,6.664,False
337,Los Angeles,2011-01-28,51.33,3.227,223.8690083,6.237,False
194,Los Angeles,2011-01-28,66.98,2.78,210.0505833,8.2,False
51,Las Vegas,2011-01-28,43.83,3.01,212.1970577,7.742000000000001,False
623,Seattle,2011-01-28,84.36,3.659,129.16770970000002,5.644,False
368,Buffalo,2011-02-09,53.04,2.625,214.6751386,7.3679999999999986,False
511,Buffalo,2011-02-09,57.5,3.207,227.1593035,6.034,False
654,Seattle,2011-02-09,50.38,3.619,130.6457931,4.607,False
82,Las Vegas,2011-02-09,87.83,3.533,215.7971409,7.9620000000000015,False
225,Los Angeles,2011-02-09,49.33,2.708,211.265543,8.163,False
95,Las Vegas,2011-02-12,48.91,3.172,218.7147333,7.866,False
238,Los Angeles,2011-02-12,57.77,3.2880000000000003,213.47753050000003,8.027999999999999,False
667,Seattle,2011-02-12,77.41,3.483,130.95922579999998,4.308,False
524,Buffalo,2011-02-12,54.19,3.711,228.1064444,6.108,False
381,Buffalo,2011-02-12,78.53,2.705,214.4958382,7.343,False
483,Buffalo,2011-02-18,72.38,3.63,225.2512024,6.664,False
626,Seattle,2011-02-18,82.77,3.55,129.2405806,5.644,False
197,Los Angeles,2011-02-18,74.83,2.826,210.2768443,8.2,False
54,Las Vegas,2011-02-18,57.36,3.045,213.2478853,7.742000000000001,False
340,Los Angeles,2011-02-18,48.92,3.475,223.9106714,6.237,False
55,Las Vegas,2011-02-25,62.9,3.065,213.535609,7.742000000000001,False
341,Los Angeles,2011-02-25,48.16,3.597,224.0547032,6.237,False
627,Seattle,2011-02-25,81.47,3.523,129.2832581,5.644,False
484,Buffalo,2011-02-25,78.58,3.5610000000000004,225.2515168,6.664,False
198,Los Angeles,2011-02-25,81.13,2.759,210.5552301,8.2,False
212,Los Angeles,2011-03-06,81.83,2.577,211.1886931,8.099,False
641,Seattle,2011-03-06,38.71,3.176,129.84596670000002,5.143,False
355,Los Angeles,2011-03-06,78.05,3.466,,,False
498,Buffalo,2011-03-06,85.18,3.638,225.8293063,6.334,False
69,Las Vegas,2011-03-06,83.0,3.699,215.27365530000003,7.682,False
201,Los Angeles,2011-03-18,85.81,2.637,211.1096543,8.2,False
58,Las Vegas,2011-03-18,62.76,3.488,214.3627114,7.742000000000001,False
487,Buffalo,2011-03-18,84.66,3.393,225.2644795,6.664,False
630,Seattle,2011-03-18,72.76,3.532,129.4306,5.644,False
344,Los Angeles,2011-03-18,55.14,3.622,224.469439,6.237,False
345,Los Angeles,2011-03-25,59.97,3.611,224.5527121,6.237,False
202,Los Angeles,2011-03-25,86.26,2.653,210.9950134,8.2,False
59,Las Vegas,2011-03-25,69.97,3.4730000000000003,214.5999389,7.742000000000001,False
488,Buffalo,2011-03-25,82.7,3.346,225.3068615,6.664,False
631,Seattle,2011-03-25,69.23,3.4730000000000003,129.5183333,5.644,False
338,Los Angeles,2011-04-02,54.75,3.244,223.8691966,6.237,False
52,Las Vegas,2011-04-02,42.27,2.989,212.5668812,7.742000000000001,False
481,Buffalo,2011-04-02,79.51,3.749,225.1797511,6.664,False
195,Los Angeles,2011-04-02,71.28,2.835,210.0011018,8.2,False
624,Seattle,2011-04-02,86.09,3.662,129.1846452,5.644,False
342,Los Angeles,2011-04-03,46.08,3.711,224.198735,6.237,False
485,Buffalo,2011-04-03,81.55,3.5010000000000003,225.2518313,6.664,False
199,Los Angeles,2011-04-03,81.81,2.705,210.833616,8.2,False
56,Las Vegas,2011-04-03,59.58,3.2880000000000003,213.8233327,7.742000000000001,False
628,Seattle,2011-04-03,77.99,3.533,129.3259355,5.644,False
91,Las Vegas,2011-04-11,54.98,3.332,217.837382,7.866,False
377,Buffalo,2011-04-11,73.47,2.835,213.6211778,7.343,False
234,Los Angeles,2011-04-11,38.25,2.989,212.2240646,8.027999999999999,False
663,Seattle,2011-04-11,80.14,3.747,131.136,4.308,False
520,Buffalo,2011-04-11,62.81,3.244,227.7801362,6.108,False
491,Buffalo,2011-04-15,82.28,3.256,225.4340074,6.334,False
634,Seattle,2011-04-15,63.75,3.283,129.77064520000002,5.143,False
62,Las Vegas,2011-04-15,71.27,3.743,215.2918561,7.682,False
348,Los Angeles,2011-04-15,61.23,3.529,224.8025314,6.112,False
205,Los Angeles,2011-04-15,85.32,2.623,210.7577954,8.099,False
349,Los Angeles,2011-04-22,67.05,3.451,224.8025314,6.112,False
492,Buffalo,2011-04-22,81.38,3.3110000000000004,225.4438827,6.334,False
63,Las Vegas,2011-04-22,72.99,3.807,215.45990530000003,7.682,False
635,Seattle,2011-04-22,64.79,3.361,129.78216129999998,5.143,False
206,Los Angeles,2011-04-22,87.66,2.608,210.8921319,8.099,False
636,Seattle,2011-04-29,55.31,3.362,129.7936774,5.143,False
493,Buffalo,2011-04-29,84.94,3.407,225.4537579,6.334,False
64,Las Vegas,2011-04-29,72.03,3.81,215.6279544,7.682,False
207,Los Angeles,2011-04-29,83.49,2.64,211.0264684,8.099,False
350,Los Angeles,2011-04-29,58.13,3.417,224.8025314,6.112,False
364,Buffalo,2011-05-08,45.71,2.572,214.4248812,7.3679999999999986,False
221,Los Angeles,2011-05-08,57.85,2.689,211.61350530000004,8.163,False
507,Buffalo,2011-05-08,61.61,3.386,227.0058832,6.034,False
650,Seattle,2011-05-08,41.81,3.354,130.3496774,4.607,False
78,Las Vegas,2011-05-08,91.65,3.684,215.544618,7.9620000000000015,False
352,Los Angeles,2011-05-13,63.51,3.392,,,False
209,Los Angeles,2011-05-13,89.05,2.692,211.2951413,8.099,False
495,Buffalo,2011-05-13,85.85,3.494,225.4735085,6.334,False
66,Las Vegas,2011-05-13,75.64,3.899,215.9640526,7.682,False
638,Seattle,2011-05-13,47.12,3.286,129.81670970000002,5.143,False
67,Las Vegas,2011-05-20,67.63,3.907,215.7339202,7.682,False
353,Los Angeles,2011-05-20,70.55,3.454,,,False
639,Seattle,2011-05-20,50.44,3.294,129.82683329999998,5.143,False
210,Los Angeles,2011-05-20,88.7,2.664,211.2596586,8.099,False
496,Buffalo,2011-05-20,87.36,3.571,225.5558664,6.334,False
640,Seattle,2011-05-27,47.96,3.225,129.8364,5.143,True
354,Los Angeles,2011-05-27,76.83,3.494,,,False
211,Los Angeles,2011-05-27,87.12,2.619,211.2241759,8.099,False
497,Buffalo,2011-05-27,83.01,3.62,225.6925864,6.334,False
68,Las Vegas,2011-05-27,77.72,3.786,215.5037878,7.682,False
494,Buffalo,2011-06-05,86.55,3.417,225.4636332,6.334,False
351,Los Angeles,2011-06-05,65.26,3.386,,,False
637,Seattle,2011-06-05,49.86,3.322,129.8051935,5.143,False
208,Los Angeles,2011-06-05,89.53,2.627,211.1608049,8.099,False
65,Las Vegas,2011-06-05,64.61,3.906,215.7960035,7.682,False
357,Los Angeles,2011-06-17,80.91,3.431,,,False
500,Buffalo,2011-06-17,78.36,3.717,226.1122067,6.334,False
643,Seattle,2011-06-17,36.44,3.149,129.8980645,5.143,False
214,Los Angeles,2011-06-17,82.05,2.582,211.1806415,8.099,False
71,Las Vegas,2011-06-17,86.41,3.637,214.9980596,7.682,False
501,Buffalo,2011-06-24,72.78,3.721,226.3151496,6.334,False
358,Los Angeles,2011-06-24,81.11,3.479,,,False
644,Seattle,2011-06-24,35.92,3.103,129.98454840000002,5.143,False
215,Los Angeles,2011-06-24,81.79,2.624,211.2552578,8.099,False
72,Las Vegas,2011-06-24,83.58,3.594,215.0910982,7.682,False
334,Los Angeles,2011-07-01,39.12,3.161,223.7137989,6.237,False
48,Las Vegas,2011-07-01,48.27,2.9760000000000004,211.40474190000003,7.742000000000001,False
477,Buffalo,2011-07-01,73.01,3.891,224.9393405,6.664,False
191,Los Angeles,2011-07-01,65.41,2.77,210.2831653,8.2,False
620,Seattle,2011-07-01,84.59,3.469,129.1125,5.644,False
516,Buffalo,2011-07-10,46.52,3.161,227.6363871,6.108,False
373,Buffalo,2011-07-10,68.0,2.77,213.91205950000003,7.343,False
659,Seattle,2011-07-10,67.69,3.864,131.03754840000002,4.308,False
87,Las Vegas,2011-07-10,69.31,3.285,217.0453684,7.866,False
230,Los Angeles,2011-07-10,44.69,2.9760000000000004,211.0648881,8.027999999999999,False
75,Las Vegas,2011-07-15,88.54,3.575,215.3611087,7.9620000000000015,False
647,Seattle,2011-07-15,34.41,3.263,130.244,4.607,False
218,Los Angeles,2011-07-15,65.8,2.72,211.4713286,8.163,False
504,Buffalo,2011-07-15,70.31,3.6010000000000004,226.9239785,6.034,False
361,Los Angeles,2011-07-15,85.41,3.4,,,False
219,Los Angeles,2011-07-22,68.5,2.725,211.5187208,8.163,False
648,Seattle,2011-07-22,42.09,3.273,130.27922579999998,4.607,False
76,Las Vegas,2011-07-22,85.77,3.651,215.4222784,7.9620000000000015,False
362,Los Angeles,2011-07-22,79.16,3.556,,,False
505,Buffalo,2011-07-22,73.44,3.594,226.9688442,6.034,False
649,Seattle,2011-07-29,40.31,3.29,130.31445159999998,4.607,False
77,Las Vegas,2011-07-29,86.83,3.682,215.4834482,7.9620000000000015,False
220,Los Angeles,2011-07-29,66.24,2.716,211.5661131,8.163,False
506,Buffalo,2011-07-29,74.66,3.506,226.9873637,6.034,False
363,Los Angeles,2011-07-29,83.17,3.62,,,False
633,Seattle,2011-08-04,65.79,3.299,129.6938,5.143,False
490,Buffalo,2011-08-04,83.14,3.227,225.3916254,6.334,False
61,Las Vegas,2011-08-04,67.84,3.622,215.0743939,7.682,False
204,Los Angeles,2011-08-04,82.59,2.642,210.7657317,8.099,False
347,Los Angeles,2011-08-04,58.3,3.583,224.7192583,6.112,False
74,Las Vegas,2011-08-07,85.83,3.48,215.27717540000003,7.9620000000000015,False
646,Seattle,2011-08-07,38.64,3.158,130.15751609999998,4.607,False
360,Los Angeles,2011-08-07,79.48,3.422,,,False
503,Buffalo,2011-08-07,72.74,3.617,226.7210356,6.034,False
217,Los Angeles,2011-08-07,63.19,2.633,211.4044906,8.163,False
652,Seattle,2011-08-19,34.19,3.4930000000000003,130.4546207,4.607,False
223,Los Angeles,2011-08-19,50.81,2.7710000000000004,211.5470304,8.163,False
80,Las Vegas,2011-08-19,89.94,3.554,215.6693107,7.9620000000000015,False
366,Buffalo,2011-08-19,47.07,2.514,214.6198868,7.3679999999999986,False
509,Buffalo,2011-08-19,61.1,3.252,227.0569237,6.034,False
510,Buffalo,2011-08-26,61.69,3.2110000000000003,227.1081136,6.034,True
653,Seattle,2011-08-26,41.31,3.5410000000000004,130.5502069,4.607,False
81,Las Vegas,2011-08-26,87.96,3.523,215.7332258,7.9620000000000015,False
367,Buffalo,2011-08-26,52.05,2.5610000000000004,214.6475127,7.3679999999999986,False
224,Los Angeles,2011-08-26,62.98,2.735,211.4062867,8.163,True
83,Las Vegas,2011-09-09,76.0,3.5460000000000003,215.861056,7.9620000000000015,True
655,Seattle,2011-09-09,53.63,3.667,130.7413793,4.607,False
512,Buffalo,2011-09-09,65.09,3.198,227.2104933,6.034,False
369,Buffalo,2011-09-09,63.08,2.667,214.7027646,7.3679999999999986,False
226,Los Angeles,2011-09-09,45.5,2.843,211.12479930000003,8.163,False
239,Los Angeles,2011-09-12,52.7,3.459,213.7646401,8.027999999999999,False
96,Las Vegas,2011-09-12,43.93,3.158,218.9618456,7.866,False
382,Buffalo,2011-09-12,82.1,2.668,214.787913,7.343,False
668,Seattle,2011-09-12,78.11,3.4330000000000003,130.8896774,4.308,False
525,Buffalo,2011-09-12,57.25,3.658,228.2526667,6.108,False
84,Las Vegas,2011-09-16,79.94,3.526,216.0410526,7.9620000000000015,False
370,Buffalo,2011-09-16,60.42,2.72,214.5301219,7.3679999999999986,False
227,Los Angeles,2011-09-16,47.55,2.869,211.0645458,8.163,False
656,Seattle,2011-09-16,59.81,3.707,130.82619350000002,4.607,False
513,Buffalo,2011-09-16,54.72,3.168,227.2717348,6.034,False
371,Buffalo,2011-09-23,57.06,2.732,214.3241011,7.3679999999999986,False
514,Buffalo,2011-09-23,59.39,3.0980000000000003,227.3932855,6.034,False
85,Las Vegas,2011-09-23,75.8,3.467,216.3758246,7.9620000000000015,False
657,Seattle,2011-09-23,59.07,3.759,130.8966452,4.607,False
228,Los Angeles,2011-09-23,49.97,2.886,211.0646599,8.163,False
86,Las Vegas,2011-09-30,79.69,3.355,216.7105965,7.9620000000000015,False
515,Buffalo,2011-09-30,51.76,3.108,227.5148363,6.034,True
229,Los Angeles,2011-09-30,47.3,2.943,211.06477400000003,8.163,True
372,Buffalo,2011-09-30,65.56,2.719,214.11808030000003,7.343,False
658,Seattle,2011-09-30,72.63,3.82,130.96709679999998,4.607,False
642,Seattle,2011-10-06,31.64,3.153,129.8555333,5.143,False
213,Los Angeles,2011-10-06,79.09,2.565,211.15321040000003,8.099,True
499,Buffalo,2011-10-06,84.99,3.73,225.96602630000004,6.334,True
70,Las Vegas,2011-10-06,83.13,3.648,215.04352290000003,7.682,False
356,Los Angeles,2011-10-06,76.2,3.439,,,False
660,Seattle,2011-10-14,68.69,3.881,131.108,4.308,False
517,Buffalo,2011-10-14,49.83,3.2430000000000003,227.75793790000003,6.108,False
231,Los Angeles,2011-10-14,33.02,2.983,211.1176713,8.027999999999999,False
88,Las Vegas,2011-10-14,71.74,3.274,217.3552733,7.866,False
374,Buffalo,2011-10-14,66.98,2.8080000000000003,213.7726889,7.343,False
661,Seattle,2011-10-21,68.6,3.864,131.11733329999998,4.308,False
518,Buffalo,2011-10-21,49.09,3.237,227.7893692,6.108,False
375,Buffalo,2011-10-21,67.87,2.795,213.7221852,7.343,False
89,Las Vegas,2011-10-21,63.71,3.353,217.5159762,7.866,False
232,Los Angeles,2011-10-21,41.4,3.016,211.4864691,8.027999999999999,False
233,Los Angeles,2011-10-28,42.83,3.01,211.8552668,8.027999999999999,False
376,Buffalo,2011-10-28,70.24,2.78,213.6716815,7.343,False
662,Seattle,2011-10-28,76.47,3.81,131.12666670000002,4.308,False
519,Buffalo,2011-10-28,57.85,3.227,227.7847527,6.108,False
90,Las Vegas,2011-10-28,66.57,3.372,217.6766791,7.866,False
339,Los Angeles,2011-11-02,56.08,3.417,223.8693849,6.237,True
53,Las Vegas,2011-11-02,36.39,3.022,212.9367046,7.742000000000001,True
482,Buffalo,2011-11-02,75.19,3.688,225.2351496,6.664,False
196,Los Angeles,2011-11-02,73.31,2.854,209.9984585,8.2,False
625,Seattle,2011-11-02,82.98,3.617,129.2015806,5.644,False
486,Buffalo,2011-11-03,81.65,3.452,225.2521458,6.664,False
629,Seattle,2011-11-03,73.34,3.554,129.3686129,5.644,True
343,Los Angeles,2011-11-03,51.12,3.658,224.3427668,6.237,False
200,Los Angeles,2011-11-03,83.4,2.668,211.1120018,8.2,False
57,Las Vegas,2011-11-03,53.56,3.459,214.1110564,7.742000000000001,False
664,Seattle,2011-11-11,67.64,3.685,131.14533329999998,4.308,False
235,Los Angeles,2011-11-11,33.19,3.022,212.5928624,8.027999999999999,True
92,Las Vegas,2011-11-11,59.11,3.297,217.9980849,7.866,False
378,Buffalo,2011-11-11,77.18,2.854,213.6196139,7.343,False
521,Buffalo,2011-11-11,62.77,3.417,227.7755197,6.108,True
236,Los Angeles,2011-11-18,57.83,3.045,212.90331150000003,8.027999999999999,False
522,Buffalo,2011-11-18,57.36,3.475,227.814,6.108,False
665,Seattle,2011-11-18,68.43,3.62,131.0983226,4.308,False
93,Las Vegas,2011-11-18,62.25,3.3080000000000003,218.2205088,7.866,False
379,Buffalo,2011-11-18,75.81,2.826,213.9116886,7.343,False
380,Buffalo,2011-11-25,78.6,2.759,214.2037634,7.343,False
523,Buffalo,2011-11-25,59.96,3.597,227.9602222,6.108,False
94,Las Vegas,2011-11-25,60.14,3.236,218.4676211,7.866,True
237,Los Angeles,2011-11-25,60.8,3.065,213.190421,8.027999999999999,False
666,Seattle,2011-11-25,77.47,3.551,131.02877420000002,4.308,False
508,Buffalo,2011-12-08,68.72,3.314,227.0244026,6.034,False
651,Seattle,2011-12-08,33.0,3.411,130.38490320000002,4.607,True
79,Las Vegas,2011-12-08,90.76,3.638,215.6057878,7.9620000000000015,False
365,Buffalo,2011-12-08,47.93,2.548,214.5747916,7.3679999999999986,True
222,Los Angeles,2011-12-08,59.69,2.728,211.6608975,8.163,False
97,Las Vegas,2011-12-16,51.63,3.159,219.17945330000003,7.866,False
669,Seattle,2011-12-16,80.94,3.372,130.82953329999998,4.308,False
240,Los Angeles,2011-12-16,62.32,3.488,214.0156238,8.027999999999999,False
383,Buffalo,2011-12-16,83.52,2.637,214.7858259,7.343,False
526,Buffalo,2011-12-16,61.99,3.622,228.3819613,6.108,False
670,Seattle,2011-12-23,81.63,3.329,130.7929,4.308,False
241,Los Angeles,2011-12-23,69.42,3.4730000000000003,214.2521573,8.027999999999999,False
384,Buffalo,2011-12-23,83.79,2.653,214.6660741,7.343,False
527,Buffalo,2011-12-23,70.38,3.611,228.4689369,6.108,False
98,Las Vegas,2011-12-23,47.96,3.112,219.3577216,7.866,False
528,Buffalo,2011-12-30,60.69,3.606,228.5559125,6.108,False
385,Buffalo,2011-12-30,82.2,2.669,214.5463222,7.346,False
671,Seattle,2011-12-30,84.23,3.257,130.75626670000003,4.308,False
99,Las Vegas,2011-12-30,44.55,3.129,219.5359898,7.866,True
242,Los Angeles,2011-12-30,55.43,3.524,214.48869080000003,7.931,False
693,Seattle,2012-01-06,50.91,3.24,131.4275333,3.879,False
264,Los Angeles,2012-01-06,89.64,3.533,215.4508632,7.852,False
407,Buffalo,2012-01-06,53.76,2.708,214.9153531,7.564,False
550,Seattle,2012-01-06,43.49,2.654,126.5782857,8.623,False
121,Las Vegas,2012-01-06,77.95,3.5010000000000003,221.7472139,7.143,False
673,Seattle,2012-01-13,76.86,3.224,130.683,4.077,False
387,Buffalo,2012-01-13,84.32,2.623,214.4176476,7.346,False
530,Buffalo,2012-01-13,67.56,3.529,228.72986380000003,5.999,False
101,Las Vegas,2012-01-13,48.53,3.261,219.8925263,7.348,False
244,Los Angeles,2012-01-13,69.48,3.743,214.9420631,7.931,False
674,Seattle,2012-01-20,79.14,3.263,130.70129029999998,4.077,False
245,Los Angeles,2012-01-20,69.39,3.807,215.1096657,7.931,False
102,Las Vegas,2012-01-20,54.11,3.268,219.9856893,7.348,False
388,Buffalo,2012-01-20,83.32,2.608,214.55649680000005,7.346,False
531,Buffalo,2012-01-20,71.69,3.451,228.72986380000003,5.999,False
389,Buffalo,2012-01-27,82.04,2.64,214.695346,7.346,False
246,Los Angeles,2012-01-27,69.21,3.81,215.27726830000003,7.931,False
103,Las Vegas,2012-01-27,54.26,3.29,220.0788523,7.348,False
532,Buffalo,2012-01-27,65.23,3.417,228.72986380000003,5.999,False
675,Seattle,2012-01-27,81.06,3.3560000000000003,130.7195806,4.077,False
537,Buffalo,2012-02-03,78.99,3.466,,,False
251,Los Angeles,2012-02-03,83.07,3.699,214.92548650000003,7.931,False
394,Buffalo,2012-02-03,84.16,2.577,214.8481685,7.346,False
680,Seattle,2012-02-03,76.47,3.646,130.8853548,4.077,False
108,Las Vegas,2012-02-03,60.96,3.63,220.8480454,7.348,False
249,Los Angeles,2012-02-17,67.14,3.907,215.3834778,7.931,False
106,Las Vegas,2012-02-17,45.32,3.51,220.4257586,7.348,False
392,Buffalo,2012-02-17,88.02,2.664,214.9314191,7.346,False
678,Seattle,2012-02-17,81.41,3.552,130.7909677,4.077,False
535,Buffalo,2012-02-17,75.33,3.454,,,False
107,Las Vegas,2012-02-24,57.25,3.555,220.636902,7.348,False
250,Los Angeles,2012-02-24,76.42,3.786,215.1544822,7.931,False
536,Buffalo,2012-02-24,81.27,3.494,,,False
393,Buffalo,2012-02-24,86.15,2.619,214.8897938,7.346,False
679,Seattle,2012-02-24,75.76,3.61,130.8381613,4.077,False
676,Seattle,2012-03-02,83.86,3.374,130.73787099999998,4.077,False
104,Las Vegas,2012-03-02,56.55,3.36,220.1720153,7.348,False
533,Buffalo,2012-03-02,69.73,3.386,,,False
247,Los Angeles,2012-03-02,61.48,3.906,215.44487090000004,7.931,False
390,Buffalo,2012-03-02,85.13,2.627,214.8341952,7.346,False
273,Los Angeles,2012-03-08,55.53,3.332,217.4853605,7.441,False
559,Seattle,2012-03-08,56.77,2.8360000000000003,126.2898,7.896,False
130,Las Vegas,2012-03-08,86.11,3.417,221.9498642,6.908,False
702,Seattle,2012-03-08,49.07,3.232,132.1537097,3.921,False
416,Buffalo,2012-03-08,45.95,2.989,215.8863367,7.551,False
682,Seattle,2012-03-16,68.2,3.706,130.9776667,4.077,False
539,Buffalo,2012-03-16,78.61,3.431,,,False
253,Los Angeles,2012-03-16,86.53,3.637,214.6513538,7.931,False
396,Buffalo,2012-03-16,82.36,2.582,214.83224840000003,7.346,False
110,Las Vegas,2012-03-16,64.74,3.734,221.2118132,7.348,False
683,Seattle,2012-03-23,68.97,3.721,131.0103333,4.077,False
254,Los Angeles,2012-03-23,85.17,3.594,214.7441108,7.931,False
540,Buffalo,2012-03-23,82.81,3.479,,,False
397,Buffalo,2012-03-23,76.9,2.624,214.9084516,7.346,False
111,Las Vegas,2012-03-23,65.93,3.787,221.2864126,7.348,False
684,Seattle,2012-03-30,71.74,3.666,131.043,4.077,False
398,Buffalo,2012-03-30,73.6,2.603,214.9846548,7.564,False
541,Buffalo,2012-03-30,85.14,3.495,,,False
255,Los Angeles,2012-03-30,85.69,3.524,214.8368678,7.852,False
112,Las Vegas,2012-03-30,67.61,3.845,221.3610119,7.348,False
117,Las Vegas,2012-04-05,75.55,3.749,221.6718,7.143,False
689,Seattle,2012-04-05,53.31,3.404,131.2362258,3.879,False
260,Los Angeles,2012-04-05,93.34,3.684,215.1978515,7.852,False
403,Buffalo,2012-04-05,62.94,2.689,215.2765472,7.564,False
546,Seattle,2012-04-05,43.76,2.5980000000000003,126.4420645,8.623,False
543,Buffalo,2012-04-13,84.86,3.4,,,False
257,Los Angeles,2012-04-13,89.83,3.575,215.0134426,7.852,False
686,Seattle,2012-04-13,57.11,3.603,131.1083333,3.879,False
114,Las Vegas,2012-04-13,69.07,3.891,221.5102105,7.143,False
400,Buffalo,2012-04-13,69.71,2.72,215.1293114,7.564,False
258,Los Angeles,2012-04-20,89.34,3.651,215.0749122,7.852,False
401,Buffalo,2012-04-20,71.64,2.725,215.17839,7.564,False
115,Las Vegas,2012-04-20,66.76,3.877,221.5640737,7.143,False
544,Buffalo,2012-04-20,81.11,3.556,,,False
687,Seattle,2012-04-20,64.46,3.61,131.14996770000002,3.879,False
402,Buffalo,2012-04-27,72.04,2.716,215.2274686,7.564,False
259,Los Angeles,2012-04-27,90.07,3.682,215.1363819,7.852,False
688,Seattle,2012-04-27,63.64,3.514,131.19309679999998,3.879,False
545,Buffalo,2012-04-27,85.53,3.62,,,False
116,Las Vegas,2012-04-27,67.23,3.814,221.6179368,7.143,False
425,Buffalo,2012-05-10,72.55,3.622,218.4553663,7.574,False
282,Los Angeles,2012-05-10,46.75,3.157,219.355063,7.057,False
139,Las Vegas,2012-05-10,68.55,3.617,223.1814772,6.573,False
711,Seattle,2012-05-10,57.7,3.552,132.65377420000002,3.896,False
568,Seattle,2012-05-10,80.35,2.637,126.1518,7.372000000000001,False
119,Las Vegas,2012-05-18,70.33,3.63,221.742674,7.143,False
691,Seattle,2012-05-18,49.86,3.2710000000000004,131.3258,3.879,False
262,Los Angeles,2012-05-18,89.86,3.554,215.3229307,7.852,False
548,Seattle,2012-05-18,36.45,2.54,126.5262857,8.623,False
405,Buffalo,2012-05-18,57.72,2.7710000000000004,215.2074519,7.564,False
692,Seattle,2012-05-25,55.09,3.233,131.37666670000002,3.879,True
549,Seattle,2012-05-25,41.36,2.59,126.5522857,8.623,False
406,Buffalo,2012-05-25,68.71,2.735,215.0614025,7.564,True
120,Las Vegas,2012-05-25,77.22,3.5610000000000004,221.744944,7.143,False
263,Los Angeles,2012-05-25,90.45,3.523,215.38689700000003,7.852,False
243,Los Angeles,2012-06-01,67.0,3.622,214.7252242,7.931,False
672,Seattle,2012-06-01,80.37,3.187,130.7196333,4.077,False
529,Buffalo,2012-06-01,65.89,3.583,228.6428882,5.999,False
100,Las Vegas,2012-06-01,49.01,3.157,219.7142581,7.348,False
386,Buffalo,2012-06-01,81.75,2.642,214.4265704,7.346,False
542,Buffalo,2012-06-04,81.59,3.422,,,False
399,Buffalo,2012-06-04,66.99,2.633,215.060858,7.564,False
256,Los Angeles,2012-06-04,87.7,3.48,214.9296249,7.852,False
113,Las Vegas,2012-06-04,70.43,3.891,221.4356112,7.143,False
685,Seattle,2012-06-04,63.07,3.62,131.0756667,3.879,False
126,Las Vegas,2012-06-07,81.57,3.227,221.8837789,6.908,False
698,Seattle,2012-06-07,33.11,3.177,131.852,3.921,False
269,Los Angeles,2012-06-07,69.92,3.285,216.6958311,7.441,False
412,Buffalo,2012-06-07,53.35,2.9760000000000004,214.6955104,7.551,False
555,Seattle,2012-06-07,54.16,2.773,126.6019032,7.896,False
123,Las Vegas,2012-06-15,79.35,3.393,221.7626421,7.143,False
409,Buffalo,2012-06-15,52.2,2.869,214.704919,7.564,False
695,Seattle,2012-06-15,42.57,3.193,131.537,3.879,False
552,Seattle,2012-06-15,55.19,2.7430000000000003,126.6066452,8.623,False
266,Los Angeles,2012-06-15,78.85,3.526,215.6944378,7.852,False
553,Seattle,2012-06-22,39.91,2.752,126.6050645,8.623,False
410,Buffalo,2012-06-22,57.16,2.886,214.7017828,7.564,False
696,Seattle,2012-06-22,44.8,3.112,131.642,3.879,False
124,Las Vegas,2012-06-22,78.39,3.346,221.8030211,7.143,False
267,Los Angeles,2012-06-22,75.58,3.467,216.0282356,7.852,False
697,Seattle,2012-06-29,37.93,3.125,131.747,3.879,True
411,Buffalo,2012-06-29,53.2,2.943,214.6986466,7.564,True
268,Los Angeles,2012-06-29,78.14,3.355,216.3620333,7.852,False
554,Seattle,2012-06-29,48.77,2.74,126.6034839,7.896,False
125,Las Vegas,2012-06-29,84.88,3.286,221.8434,7.143,False
135,Las Vegas,2012-07-09,83.96,3.73,222.4390153,6.908,True
564,Seattle,2012-07-09,78.45,2.668,126.1119032,7.896,False
707,Seattle,2012-07-09,53.21,3.647,132.41507140000002,3.921,False
421,Buffalo,2012-07-09,61.29,3.459,217.4653683,7.551,False
278,Los Angeles,2012-07-09,41.76,3.158,218.605037,7.441,False
699,Seattle,2012-07-13,38.92,3.235,131.957,3.921,False
127,Las Vegas,2012-07-13,77.12,3.256,221.9241579,6.908,False
270,Los Angeles,2012-07-13,71.67,3.274,217.0048261,7.441,False
556,Seattle,2012-07-13,56.23,2.81,126.5621,7.896,False
413,Buffalo,2012-07-13,44.76,2.983,214.74707290000003,7.551,False
557,Seattle,2012-07-20,56.87,2.805,126.47133329999998,7.896,False
128,Las Vegas,2012-07-20,80.42,3.3110000000000004,221.9327267,6.908,False
271,Los Angeles,2012-07-20,64.53,3.353,217.1650042,7.441,False
414,Buffalo,2012-07-20,50.74,3.016,215.1268275,7.551,False
700,Seattle,2012-07-20,34.06,3.232,132.030871,3.921,False
272,Los Angeles,2012-07-27,65.87,3.372,217.3251824,7.441,False
415,Buffalo,2012-07-27,48.71,3.01,215.5065821,7.551,False
701,Seattle,2012-07-27,47.49,3.22,132.0922903,3.921,False
129,Las Vegas,2012-07-27,82.66,3.407,221.9412954,6.908,False
558,Seattle,2012-07-27,53.04,2.787,126.38056670000002,7.896,False
122,Las Vegas,2012-08-06,78.3,3.452,221.7494839,7.143,False
408,Buffalo,2012-08-06,51.13,2.843,214.7693037,7.564,False
551,Seattle,2012-08-06,49.63,2.704,126.6042857,8.623,False
265,Los Angeles,2012-08-06,77.97,3.5460000000000003,215.5148295,7.852,True
694,Seattle,2012-08-06,53.67,3.227,131.4784,3.879,False
561,Seattle,2012-08-17,67.4,2.82,126.1843871,7.896,False
418,Buffalo,2012-08-17,61.58,3.045,216.5843571,7.551,False
132,Las Vegas,2012-08-17,84.85,3.571,222.03841090000003,6.908,False
275,Los Angeles,2012-08-17,62.01,3.3080000000000003,217.86702180000003,7.441,False
704,Seattle,2012-08-17,44.7,3.451,132.2725714,3.921,False
419,Buffalo,2012-08-24,67.4,3.065,216.8780275,7.551,False
133,Las Vegas,2012-08-24,77.66,3.62,222.1719457,6.908,False
562,Seattle,2012-08-24,67.73,2.756,126.1602258,7.896,False
705,Seattle,2012-08-24,44.68,3.602,132.32007140000002,3.921,False
276,Los Angeles,2012-08-24,56.36,3.236,218.1130269,7.441,True
277,Los Angeles,2012-08-31,48.74,3.172,218.3590319,7.441,False
563,Seattle,2012-08-31,70.83,2.701,126.1360645,7.896,False
706,Seattle,2012-08-31,42.56,3.694,132.3675714,3.921,False
420,Buffalo,2012-08-31,65.11,3.2880000000000003,217.17169790000003,7.551,False
134,Las Vegas,2012-08-31,80.49,3.638,222.3054805,6.908,False
395,Buffalo,2012-09-03,80.84,2.565,214.8065431,7.346,True
538,Buffalo,2012-09-03,80.11,3.439,,,False
109,Las Vegas,2012-09-03,58.76,3.669,221.0591887,7.348,False
681,Seattle,2012-09-03,82.09,3.709,130.93254840000003,4.077,True
252,Los Angeles,2012-09-03,83.4,3.648,214.6964908,7.931,False
422,Buffalo,2012-09-14,69.47,3.488,217.7235226,7.551,False
708,Seattle,2012-09-14,53.39,3.611,132.4668065,3.921,False
279,Los Angeles,2012-09-14,50.13,3.159,218.82179280000003,7.441,False
565,Seattle,2012-09-14,81.53,2.635,126.114,7.896,False
136,Las Vegas,2012-09-14,74.97,3.717,222.5820193,6.908,False
566,Seattle,2012-09-21,81.1,2.654,126.1266,7.896,False
709,Seattle,2012-09-21,58.55,3.593,132.529129,3.921,False
137,Las Vegas,2012-09-21,69.87,3.721,222.7818386,6.908,False
280,Los Angeles,2012-09-21,46.66,3.112,218.9995495,7.441,False
423,Buffalo,2012-09-21,72.94,3.4730000000000003,217.9674705,7.551,False
567,Seattle,2012-09-28,73.66,2.668,126.1392,7.372000000000001,False
138,Las Vegas,2012-09-28,76.08,3.666,222.9816579,6.908,False
424,Buffalo,2012-09-28,68.76,3.524,218.2114184,7.574,False
281,Los Angeles,2012-09-28,44.57,3.129,219.1773063,7.441,True
710,Seattle,2012-09-28,50.36,3.575,132.59145159999997,3.921,False
248,Los Angeles,2012-10-02,74.61,3.899,215.6124735,7.931,False
677,Seattle,2012-10-02,83.21,3.4760000000000004,130.7561613,4.077,False
105,Las Vegas,2012-10-02,48.02,3.409,220.26517830000003,7.348,True
391,Buffalo,2012-10-02,86.74,2.692,214.9730444,7.346,False
534,Buffalo,2012-10-02,68.93,3.392,,,False
560,Seattle,2012-10-08,62.35,2.845,126.2085484,7.896,False
417,Buffalo,2012-10-08,43.57,3.022,216.26609130000003,7.551,True
703,Seattle,2012-10-08,49.86,3.401,132.215129,3.921,True
274,Los Angeles,2012-10-08,59.33,3.297,217.6455387,7.441,False
131,Las Vegas,2012-10-08,85.05,3.494,221.9584329,6.908,False
713,Seattle,2012-10-19,63.28,3.4360000000000004,132.71609679999997,3.896,False
427,Buffalo,2012-10-19,76.91,3.807,218.851237,7.574,False
284,Los Angeles,2012-10-19,51.7,3.268,219.6258417,7.057,False
141,Las Vegas,2012-10-19,67.97,3.594,223.4257233,6.573,False
570,Seattle,2012-10-19,79.78,2.612,126.1283548,7.372000000000001,False
714,Seattle,2012-10-26,58.15,3.397,132.71609679999997,3.896,False
142,Las Vegas,2012-10-26,69.16,3.506,223.4442513,6.573,False
428,Buffalo,2012-10-26,78.69,3.81,219.0236099,7.574,False
571,Seattle,2012-10-26,80.7,2.65,126.10690320000002,7.372000000000001,False
285,Los Angeles,2012-10-26,50.5,3.29,219.7188636,7.057,False
404,Buffalo,2012-11-05,62.79,2.728,215.3256258,7.564,False
547,Seattle,2012-11-05,28.84,2.573,126.4962581,8.623,True
118,Las Vegas,2012-11-05,73.77,3.688,221.7256632,7.143,False
690,Seattle,2012-11-05,59.47,3.337,131.2793548,3.879,False
261,Los Angeles,2012-11-05,91.58,3.638,215.2593211,7.852,False
283,Los Angeles,2012-12-10,45.99,3.261,219.53281980000003,7.057,False
569,Seattle,2012-12-10,78.53,2.6210000000000004,126.1498065,7.372000000000001,False
712,Seattle,2012-12-10,60.06,3.504,132.71609679999997,3.896,False
140,Las Vegas,2012-12-10,62.99,3.6010000000000004,223.3812965,6.573,False
426,Buffalo,2012-12-10,75.88,3.743,218.6788642,7.574,False
