,Store,Date,Temperature,Fuel_Price,MarkDown1,MarkDown2,MarkDown3,MarkDown4,MarkDown5,CPI,Unemployment,IsHoliday
0,1,05/02/2010,42.31,2.572,,,,,,211.0963582,8.106,False
1,1,12/02/2010,38.51,2.548,,,,,,211.24216980000003,8.106,True
2,1,19/02/2010,39.93,2.5140000000000002,,,,,,211.2891429,8.106,False
3,1,26/02/2010,46.63,2.5610000000000004,,,,,,211.3196429,8.106,False
4,1,05/03/2010,46.5,2.625,,,,,,211.3501429,8.106,False
5,1,12/03/2010,57.79,2.667,,,,,,211.3806429,8.106,False
6,1,19/03/2010,54.58,2.72,,,,,,211.21563500000002,8.106,False
7,1,26/03/2010,51.45,2.7319999999999998,,,,,,211.0180424,8.106,False
8,1,02/04/2010,62.27,2.719,,,,,,210.82044989999997,7.808,False
9,1,09/04/2010,65.86,2.77,,,,,,210.62285740000002,7.808,False
10,1,16/04/2010,66.32,2.8080000000000003,,,,,,210.4887,7.808,False
11,1,23/04/2010,64.84,2.795,,,,,,210.4391228,7.808,False
12,1,30/04/2010,67.41,2.78,,,,,,210.3895456,7.808,False
13,1,07/05/2010,72.55,2.835,,,,,,210.33996839999998,7.808,False
14,1,14/05/2010,74.78,2.8539999999999996,,,,,,210.3374261,7.808,False
15,1,21/05/2010,76.44,2.826,,,,,,210.6170934,7.808,False
16,1,28/05/2010,80.44,2.759,,,,,,210.89676060000002,7.808,False
17,1,04/06/2010,80.69,2.705,,,,,,211.1764278,7.808,False
18,1,11/06/2010,80.43,2.668,,,,,,211.4560951,7.808,False
19,1,18/06/2010,84.11,2.637,,,,,,211.4537719,7.808,False
20,1,25/06/2010,84.34,2.653,,,,,,211.33865260000002,7.808,False
21,1,02/07/2010,80.91,2.6689999999999996,,,,,,211.2235333,7.787000000000001,False
22,1,09/07/2010,80.48,2.642,,,,,,211.108414,7.787000000000001,False
23,1,16/07/2010,83.15,2.623,,,,,,211.10038540000002,7.787000000000001,False
24,1,23/07/2010,83.36,2.608,,,,,,211.2351443,7.787000000000001,False
25,1,30/07/2010,81.84,2.64,,,,,,211.36990319999995,7.787000000000001,False
26,1,06/08/2010,87.16,2.627,,,,,,211.5046621,7.787000000000001,False
27,1,13/08/2010,87.0,2.6919999999999997,,,,,,211.63942110000002,7.787000000000001,False
28,1,20/08/2010,86.65,2.6639999999999997,,,,,,211.60336329999998,7.787000000000001,False
29,1,27/08/2010,85.22,2.6189999999999998,,,,,,211.5673056,7.787000000000001,False
30,1,03/09/2010,81.21,2.577,,,,,,211.53124790000004,7.787000000000001,False
31,1,10/09/2010,78.69,2.565,,,,,,211.49519019999997,7.787000000000001,True
32,1,17/09/2010,82.11,2.582,,,,,,211.5224596,7.787000000000001,False
33,1,24/09/2010,80.94,2.6239999999999997,,,,,,211.59722459999998,7.787000000000001,False
34,1,01/10/2010,71.89,2.603,,,,,,211.6719895,7.837999999999999,False
35,1,08/10/2010,63.93,2.633,,,,,,211.74675440000001,7.837999999999999,False
36,1,15/10/2010,67.18,2.72,,,,,,211.81374359999998,7.837999999999999,False
37,1,22/10/2010,69.86,2.725,,,,,,211.8612937,7.837999999999999,False
38,1,29/10/2010,69.64,2.716,,,,,,211.9088438,7.837999999999999,False
39,1,05/11/2010,58.74,2.6889999999999996,,,,,,211.95639390000002,7.837999999999999,False
40,1,12/11/2010,59.61,2.728,,,,,,212.003944,7.837999999999999,False
41,1,19/11/2010,51.41,2.7710000000000004,,,,,,211.88967369999997,7.837999999999999,False
42,1,26/11/2010,64.52,2.735,,,,,,211.74843330000002,7.837999999999999,True
43,1,03/12/2010,49.27,2.708,,,,,,211.60719300000002,7.837999999999999,False
44,1,10/12/2010,46.33,2.843,,,,,,211.4659526,7.837999999999999,False
45,1,17/12/2010,49.84,2.8689999999999998,,,,,,211.40531239999999,7.837999999999999,False
46,1,24/12/2010,52.33,2.886,,,,,,211.4051222,7.837999999999999,False
47,1,31/12/2010,48.43,2.943,,,,,,211.4049321,7.837999999999999,True
48,1,07/01/2011,48.27,2.9760000000000004,,,,,,211.40474190000003,7.742000000000001,False
49,1,14/01/2011,35.4,2.983,,,,,,211.4574109,7.742000000000001,False
50,1,21/01/2011,44.04,3.016,,,,,,211.82723430000004,7.742000000000001,False
51,1,28/01/2011,43.83,3.01,,,,,,212.19705770000002,7.742000000000001,False
52,1,04/02/2011,42.27,2.989,,,,,,212.56688119999998,7.742000000000001,False
53,1,11/02/2011,36.39,3.022,,,,,,212.9367046,7.742000000000001,True
54,1,18/02/2011,57.36,3.045,,,,,,213.2478853,7.742000000000001,False
55,1,25/02/2011,62.9,3.065,,,,,,213.535609,7.742000000000001,False
56,1,04/03/2011,59.58,3.2880000000000003,,,,,,213.8233327,7.742000000000001,False
57,1,11/03/2011,53.56,3.4589999999999996,,,,,,214.11105640000002,7.742000000000001,False
58,1,18/03/2011,62.76,3.488,,,,,,214.3627114,7.742000000000001,False
59,1,25/03/2011,69.97,3.4730000000000003,,,,,,214.59993889999998,7.742000000000001,False
60,1,01/04/2011,59.17,3.5239999999999996,,,,,,214.8371664,7.682,False
61,1,08/04/2011,67.84,3.622,,,,,,215.07439390000002,7.682,False
62,1,15/04/2011,71.27,3.7430000000000003,,,,,,215.29185609999996,7.682,False
63,1,22/04/2011,72.99,3.807,,,,,,215.45990530000003,7.682,False
64,1,29/04/2011,72.03,3.81,,,,,,215.62795440000002,7.682,False
65,1,06/05/2011,64.61,3.906,,,,,,215.7960035,7.682,False
66,1,13/05/2011,75.64,3.8989999999999996,,,,,,215.9640526,7.682,False
67,1,20/05/2011,67.63,3.907,,,,,,215.7339202,7.682,False
68,1,27/05/2011,77.72,3.786,,,,,,215.5037878,7.682,False
69,1,03/06/2011,83.0,3.699,,,,,,215.27365530000003,7.682,False
70,1,10/06/2011,83.13,3.648,,,,,,215.04352290000003,7.682,False
71,1,17/06/2011,86.41,3.637,,,,,,214.99805959999998,7.682,False
72,1,24/06/2011,83.58,3.594,,,,,,215.09109819999998,7.682,False
73,1,01/07/2011,85.55,3.5239999999999996,,,,,,215.18413680000003,7.962000000000001,False
74,1,08/07/2011,85.83,3.48,,,,,,215.27717540000003,7.962000000000001,False
75,1,15/07/2011,88.54,3.575,,,,,,215.3611087,7.962000000000001,False
76,1,22/07/2011,85.77,3.6510000000000002,,,,,,215.4222784,7.962000000000001,False
77,1,29/07/2011,86.83,3.682,,,,,,215.4834482,7.962000000000001,False
78,1,05/08/2011,91.65,3.6839999999999997,,,,,,215.544618,7.962000000000001,False
79,1,12/08/2011,90.76,3.638,,,,,,215.6057878,7.962000000000001,False
80,1,19/08/2011,89.94,3.554,,,,,,215.66931069999998,7.962000000000001,False
81,1,26/08/2011,87.96,3.523,,,,,,215.73322579999999,7.962000000000001,False
82,1,02/09/2011,87.83,3.533,,,,,,215.7971409,7.962000000000001,False
83,1,09/09/2011,76.0,3.5460000000000003,,,,,,215.86105600000002,7.962000000000001,True
84,1,16/09/2011,79.94,3.5260000000000002,,,,,,216.0410526,7.962000000000001,False
85,1,23/09/2011,75.8,3.467,,,,,,216.3758246,7.962000000000001,False
86,1,30/09/2011,79.69,3.355,,,,,,216.71059649999998,7.962000000000001,False
87,1,07/10/2011,69.31,3.285,,,,,,217.0453684,7.8660000000000005,False
88,1,14/10/2011,71.74,3.2739999999999996,,,,,,217.3552733,7.8660000000000005,False
89,1,21/10/2011,63.71,3.353,,,,,,217.5159762,7.8660000000000005,False
90,1,28/10/2011,66.57,3.372,,,,,,217.67667909999997,7.8660000000000005,False
91,1,04/11/2011,54.98,3.332,,,,,,217.837382,7.8660000000000005,False
92,1,11/11/2011,59.11,3.2969999999999997,10382.9,6115.67,215.07,2406.62,6551.42,217.99808489999998,7.8660000000000005,False
93,1,18/11/2011,62.25,3.3080000000000003,6074.12,254.39,51.98,427.39,5988.57,218.2205088,7.8660000000000005,False
94,1,25/11/2011,60.14,3.236,410.31,98.0,55805.51,8.0,554.92,218.4676211,7.8660000000000005,True
95,1,02/12/2011,48.91,3.1719999999999997,5629.51,68.0,1398.11,2084.64,20475.32,218.7147333,7.8660000000000005,False
96,1,09/12/2011,43.93,3.158,4640.65,19.0,105.02,3639.42,14461.82,218.96184559999998,7.8660000000000005,False
97,1,16/12/2011,51.63,3.159,5011.32,67.0,347.37,225.79,4011.37,219.17945330000003,7.8660000000000005,False
98,1,23/12/2011,47.96,3.112,2725.36,40.48,634.7,24.9,2739.43,219.3577216,7.8660000000000005,False
99,1,30/12/2011,44.55,3.1289999999999996,5762.1,46011.38,260.36,983.65,4735.78,219.5359898,7.8660000000000005,True
100,1,06/01/2012,49.01,3.157,6277.39,21813.16,143.1,1450.13,8483.0,219.71425809999997,7.348,False
101,1,13/01/2012,48.53,3.261,5183.29,8025.87,42.24,453.08,3719.38,219.89252630000001,7.348,False
102,1,20/01/2012,54.11,3.2680000000000002,4139.87,2807.19,33.88,500.62,3400.21,219.98568930000002,7.348,False
103,1,27/01/2012,54.26,3.29,1164.46,1082.74,44.0,11.0,1222.19,220.0788523,7.348,False
104,1,03/02/2012,56.55,3.36,34577.06,3579.21,160.53,32403.87,5630.4,220.1720153,7.348,False
105,1,10/02/2012,48.02,3.409,13925.06,6927.23,101.64,8471.88,6886.04,220.26517830000003,7.348,True
106,1,17/02/2012,45.32,3.51,9873.33,11062.27,9.8,8409.31,3402.66,220.42575860000002,7.348,False
107,1,24/02/2012,57.25,3.555,9349.61,7556.01,3.2,1219.92,8143.59,220.636902,7.348,False
108,1,02/03/2012,60.96,3.63,15441.4,1569.0,10.8,25390.88,8067.61,220.8480454,7.348,False
109,1,09/03/2012,58.76,3.6689999999999996,10331.04,151.88,6.0,671.43,5509.84,221.05918870000002,7.348,False
110,1,16/03/2012,64.74,3.734,4298.16,7.5,2.02,2724.65,2017.69,221.21181319999997,7.348,False
111,1,23/03/2012,65.93,3.787,6118.56,9.48,4.97,426.72,3657.22,221.2864126,7.348,False
112,1,30/03/2012,67.61,3.845,10309.58,0.5,10.25,1654.17,2642.78,221.3610119,7.348,False
113,1,06/04/2012,70.43,3.891,10121.97,,77.98,3750.59,4510.72,221.43561119999998,7.143,False
114,1,13/04/2012,69.07,3.891,6186.19,3288.69,17.07,1822.55,1063.78,221.5102105,7.143,False
115,1,20/04/2012,66.76,3.877,2230.8,612.02,19.75,275.13,5747.1,221.56407369999997,7.143,False
116,1,27/04/2012,67.23,3.8139999999999996,3221.25,,35.49,577.14,6222.25,221.61793680000002,7.143,False
117,1,04/05/2012,75.55,3.7489999999999997,21290.13,,69.89,4977.35,3261.04,221.6718,7.143,False
118,1,11/05/2012,73.77,3.688,8351.4,,10.52,2443.14,3127.88,221.72566319999999,7.143,False
119,1,18/05/2012,70.33,3.63,6154.14,,45.11,1675.49,5508.18,221.74267400000002,7.143,False
120,1,25/05/2012,77.22,3.5610000000000004,4039.39,,745.19,1429.96,3631.13,221.744944,7.143,False
121,1,01/06/2012,77.95,3.5010000000000003,6086.21,12.0,370.51,148.75,3690.85,221.7472139,7.143,False
122,1,08/06/2012,78.3,3.452,8813.81,116.8,64.55,2652.04,7161.91,221.7494839,7.143,False
123,1,15/06/2012,79.35,3.3930000000000002,5621.99,109.6,0.25,2420.28,3083.26,221.76264210000002,7.143,False
124,1,22/06/2012,78.39,3.346,8624.56,171.25,3.05,2524.07,7063.68,221.80302110000002,7.143,False
125,1,29/06/2012,84.88,3.286,3965.73,161.6,,435.99,4212.97,221.8434,7.143,False
126,1,06/07/2012,81.57,3.227,12218.76,94.4,192.83,4066.01,6149.04,221.88377889999998,6.9079999999999995,False
127,1,13/07/2012,77.12,3.2560000000000002,7218.13,45.2,36.24,3909.38,2596.37,221.92415789999998,6.9079999999999995,False
128,1,20/07/2012,80.42,3.3110000000000004,3213.0,313.72,9.53,2262.02,3228.19,221.9327267,6.9079999999999995,False
129,1,27/07/2012,82.66,3.407,7146.9,389.02,1.59,10267.54,4325.19,221.9412954,6.9079999999999995,False
130,1,03/08/2012,86.11,3.417,27584.78,119.98,30.23,12007.04,4661.71,221.9498642,6.9079999999999995,False
131,1,10/08/2012,85.05,3.4939999999999998,11436.22,245.0,6.85,6964.26,4836.22,221.9584329,6.9079999999999995,False
132,1,17/08/2012,84.85,3.571,3662.06,137.86,4.84,2752.2,3446.15,222.03841090000003,6.9079999999999995,False
133,1,24/08/2012,77.66,3.62,6237.83,260.06,2.97,3463.03,7988.25,222.17194569999998,6.9079999999999995,False
134,1,31/08/2012,80.49,3.638,21442.73,102.32,21.7,13209.64,3032.96,222.30548050000002,6.9079999999999995,False
135,1,07/09/2012,83.96,3.73,5204.68,35.74,50.94,4120.32,2737.17,222.4390153,6.9079999999999995,True
136,1,14/09/2012,74.97,3.717,17212.52,7.0,18.79,1523.11,7992.72,222.58201929999998,6.9079999999999995,False
137,1,21/09/2012,69.87,3.721,6352.3,7.64,4.69,1010.06,6456.71,222.7818386,6.9079999999999995,False
138,1,28/09/2012,76.08,3.6660000000000004,3666.27,7.64,1.65,1417.96,4744.28,222.9816579,6.9079999999999995,False
139,1,05/10/2012,68.55,3.617,8077.89,,18.22,3617.43,3626.14,223.1814772,6.5729999999999995,False
140,1,12/10/2012,62.99,3.6010000000000004,2086.18,,8.11,602.36,5926.45,223.3812965,6.5729999999999995,False
141,1,19/10/2012,67.97,3.594,950.33,,4.93,80.25,2312.85,223.4257233,6.5729999999999995,False
142,1,26/10/2012,69.16,3.5060000000000002,2585.85,31.75,6.0,1057.16,1305.01,223.44425130000002,6.5729999999999995,False
143,1,02/11/2012,55.32,3.386,6766.44,5147.7,50.82,3639.9,2737.42,223.4627793,6.5729999999999995,False
144,1,09/11/2012,61.24,3.3139999999999996,11421.32,3370.89,40.28,4646.79,6154.16,223.48130730000003,6.5729999999999995,False
145,1,16/11/2012,52.92,3.252,9696.28,292.1,103.78,1133.15,6612.69,223.5129105,6.5729999999999995,False
146,1,23/11/2012,56.23,3.2110000000000003,883.59,4.17,74910.32,209.91,303.32,223.56194739999998,6.5729999999999995,True
147,1,30/11/2012,52.34,3.207,2460.03,,3838.35,150.57,6966.34,223.61098419999996,6.5729999999999995,False
148,1,07/12/2012,64.12,3.198,6343.16,,270.0,2928.9,10147.9,223.66002110000002,6.5729999999999995,False
149,1,14/12/2012,48.89,3.168,3504.83,,73.26,1636.8,2779.6,223.7192767,6.5729999999999995,False
150,1,21/12/2012,56.02,3.0980000000000003,8231.71,,274.0,358.15,2834.02,223.8398455,6.5729999999999995,False
151,1,28/12/2012,44.79,3.108,12659.55,37101.13,174.78,74.46,1208.86,223.96041430000002,6.5729999999999995,True
152,1,04/01/2013,41.73,3.161,1214.08,25366.33,15.01,72.36,3940.02,224.080983,6.525,False
153,1,11/01/2013,50.32,3.2430000000000003,6520.24,16134.6,12.17,774.55,4001.25,224.2015518,6.525,False
154,1,18/01/2013,42.92,3.237,3772.69,3559.46,3.88,246.62,1900.4,224.23581319999997,6.525,False
155,1,25/01/2013,53.37,3.227,965.89,1097.91,0.1,225.36,1831.88,224.23555180000002,6.525,False
156,1,01/02/2013,56.46,3.2439999999999998,9290.91,1359.9,265.0,20657.82,972.61,224.2352903,6.525,False
157,1,08/02/2013,56.67,3.417,32355.16,729.8,280.89,20426.61,4671.78,224.23502889999997,6.525,True
158,1,15/02/2013,49.66,3.475,72937.29,6665.52,47.21,13014.67,6310.18,224.2760526,6.525,False
159,1,22/02/2013,50.25,3.597,20107.75,3163.89,42.2,15657.3,5812.86,224.4202895,6.525,False
160,1,01/03/2013,48.01,3.7110000000000003,10610.74,261.46,2.8,25.54,2747.59,224.56452630000004,6.525,False
161,1,08/03/2013,50.81,3.658,5000.58,290.46,78.77,606.15,3697.11,224.70876319999996,6.525,False
162,1,15/03/2013,55.33,3.622,3808.13,,15.65,2616.6,1909.17,224.8356808,6.525,False
163,1,22/03/2013,63.42,3.611,12553.98,,495.1,6787.75,2545.66,224.9193005,6.525,False
164,1,29/03/2013,51.0,3.6060000000000003,13067.46,,384.9,122.93,3903.8,225.0029202,6.525,False
165,1,05/04/2013,58.59,3.583,12872.34,5687.86,485.97,478.04,5092.33,225.08653990000002,6.314,False
166,1,12/04/2013,62.72,3.529,3672.43,932.58,52.86,949.07,2836.64,225.17015959999998,6.314,False
167,1,19/04/2013,67.1,3.451,3530.36,3.95,107.5,458.76,2062.05,225.17015959999998,6.314,False
168,1,26/04/2013,59.23,3.417,2387.72,,98.34,516.28,1421.63,225.17015959999998,6.314,False
169,1,03/05/2013,66.66,3.386,2298.63,2.0,129.9,55.46,1301.04,,,False
170,1,10/05/2013,63.9,3.392,4624.61,83.88,42.38,1618.31,8144.9,,,False
171,1,17/05/2013,69.53,3.4539999999999997,16170.5,92.0,8.32,4127.24,6206.97,,,False
172,1,24/05/2013,77.19,3.4939999999999998,7959.89,178.0,1621.47,3152.57,2938.7,,,False
173,1,31/05/2013,78.02,3.466,2369.77,142.45,475.35,45.55,2056.84,,,False
174,1,07/06/2013,76.44,3.4389999999999996,3514.75,742.59,116.15,1015.44,5137.09,,,False
175,1,14/06/2013,79.86,3.431,12592.32,527.48,402.88,7474.56,2484.44,,,False
176,1,21/06/2013,81.35,3.4789999999999996,8104.02,417.99,327.33,5182.25,3754.44,,,False
177,1,28/06/2013,83.94,3.495,4205.98,796.7,6.84,3816.78,4812.74,,,False
178,1,05/07/2013,79.85,3.4219999999999997,7649.99,3503.29,1766.77,9454.96,1079.89,,,False
179,1,12/07/2013,83.12,3.4,6089.94,1362.42,209.62,2367.42,2651.05,,,False
180,1,19/07/2013,79.26,3.556,3117.04,1060.39,199.05,1012.3,5381.72,,,False
181,1,26/07/2013,81.54,3.62,332.17,673.19,1.0,38.63,1245.2,,,False
182,2,05/02/2010,40.19,2.572,,,,,,210.75260530000003,8.324,False
183,2,12/02/2010,38.49,2.548,,,,,,210.8979935,8.324,True
184,2,19/02/2010,39.69,2.5140000000000002,,,,,,210.9451605,8.324,False
185,2,26/02/2010,46.1,2.5610000000000004,,,,,,210.97595730000003,8.324,False
186,2,05/03/2010,47.17,2.625,,,,,,211.0067542,8.324,False
187,2,12/03/2010,57.56,2.667,,,,,,211.03755099999998,8.324,False
188,2,19/03/2010,54.52,2.72,,,,,,210.8733316,8.324,False
189,2,26/03/2010,51.26,2.7319999999999998,,,,,,210.6766095,8.324,False
190,2,02/04/2010,63.27,2.719,,,,,,210.4798874,8.2,False
191,2,09/04/2010,65.41,2.77,,,,,,210.2831653,8.2,False
192,2,16/04/2010,68.07,2.8080000000000003,,,,,,210.1495463,8.2,False
193,2,23/04/2010,65.11,2.795,,,,,,210.1000648,8.2,False
194,2,30/04/2010,66.98,2.78,,,,,,210.0505833,8.2,False
195,2,07/05/2010,71.28,2.835,,,,,,210.00110180000001,8.2,False
196,2,14/05/2010,73.31,2.8539999999999996,,,,,,209.9984585,8.2,False
197,2,21/05/2010,74.83,2.826,,,,,,210.2768443,8.2,False
198,2,28/05/2010,81.13,2.759,,,,,,210.5552301,8.2,False
199,2,04/06/2010,81.81,2.705,,,,,,210.833616,8.2,False
200,2,11/06/2010,83.4,2.668,,,,,,211.1120018,8.2,False
201,2,18/06/2010,85.81,2.637,,,,,,211.10965430000002,8.2,False
202,2,25/06/2010,86.26,2.653,,,,,,210.9950134,8.2,False
203,2,02/07/2010,82.74,2.6689999999999996,,,,,,210.8803726,8.099,False
204,2,09/07/2010,82.59,2.642,,,,,,210.76573169999998,8.099,False
205,2,16/07/2010,85.32,2.623,,,,,,210.7577954,8.099,False
206,2,23/07/2010,87.66,2.608,,,,,,210.8921319,8.099,False
207,2,30/07/2010,83.49,2.64,,,,,,211.0264684,8.099,False
208,2,06/08/2010,89.53,2.627,,,,,,211.16080490000002,8.099,False
209,2,13/08/2010,89.05,2.6919999999999997,,,,,,211.2951413,8.099,False
210,2,20/08/2010,88.7,2.6639999999999997,,,,,,211.25965860000002,8.099,False
211,2,27/08/2010,87.12,2.6189999999999998,,,,,,211.2241759,8.099,False
212,2,03/09/2010,81.83,2.577,,,,,,211.1886931,8.099,False
213,2,10/09/2010,79.09,2.565,,,,,,211.15321040000003,8.099,True
214,2,17/09/2010,82.05,2.582,,,,,,211.1806415,8.099,False
215,2,24/09/2010,81.79,2.6239999999999997,,,,,,211.2552578,8.099,False
216,2,01/10/2010,69.24,2.603,,,,,,211.3298742,8.163,False
217,2,08/10/2010,63.19,2.633,,,,,,211.4044906,8.163,False
218,2,15/10/2010,65.8,2.72,,,,,,211.4713286,8.163,False
219,2,22/10/2010,68.5,2.725,,,,,,211.5187208,8.163,False
220,2,29/10/2010,66.24,2.716,,,,,,211.5661131,8.163,False
221,2,05/11/2010,57.85,2.6889999999999996,,,,,,211.61350530000004,8.163,False
222,2,12/11/2010,59.69,2.728,,,,,,211.6608975,8.163,False
223,2,19/11/2010,50.81,2.7710000000000004,,,,,,211.5470304,8.163,False
224,2,26/11/2010,62.98,2.735,,,,,,211.4062867,8.163,True
225,2,03/12/2010,49.33,2.708,,,,,,211.265543,8.163,False
226,2,10/12/2010,45.5,2.843,,,,,,211.12479930000003,8.163,False
227,2,17/12/2010,47.55,2.8689999999999998,,,,,,211.06454580000002,8.163,False
228,2,24/12/2010,49.97,2.886,,,,,,211.06465989999998,8.163,False
229,2,31/12/2010,47.3,2.943,,,,,,211.06477400000003,8.163,True
230,2,07/01/2011,44.69,2.9760000000000004,,,,,,211.06488810000002,8.027999999999999,False
231,2,14/01/2011,33.02,2.983,,,,,,211.1176713,8.027999999999999,False
232,2,21/01/2011,41.4,3.016,,,,,,211.48646910000002,8.027999999999999,False
233,2,28/01/2011,42.83,3.01,,,,,,211.8552668,8.027999999999999,False
234,2,04/02/2011,38.25,2.989,,,,,,212.22406459999996,8.027999999999999,False
235,2,11/02/2011,33.19,3.022,,,,,,212.59286239999997,8.027999999999999,True
236,2,18/02/2011,57.83,3.045,,,,,,212.90331150000003,8.027999999999999,False
237,2,25/02/2011,60.8,3.065,,,,,,213.190421,8.027999999999999,False
238,2,04/03/2011,57.77,3.2880000000000003,,,,,,213.47753050000003,8.027999999999999,False
239,2,11/03/2011,52.7,3.4589999999999996,,,,,,213.7646401,8.027999999999999,False
240,2,18/03/2011,62.32,3.488,,,,,,214.0156238,8.027999999999999,False
241,2,25/03/2011,69.42,3.4730000000000003,,,,,,214.25215730000002,8.027999999999999,False
242,2,01/04/2011,55.43,3.5239999999999996,,,,,,214.48869080000003,7.931,False
243,2,08/04/2011,67.0,3.622,,,,,,214.7252242,7.931,False
244,2,15/04/2011,69.48,3.7430000000000003,,,,,,214.9420631,7.931,False
245,2,22/04/2011,69.39,3.807,,,,,,215.10966569999997,7.931,False
246,2,29/04/2011,69.21,3.81,,,,,,215.27726830000003,7.931,False
247,2,06/05/2011,61.48,3.906,,,,,,215.44487090000004,7.931,False
248,2,13/05/2011,74.61,3.8989999999999996,,,,,,215.6124735,7.931,False
249,2,20/05/2011,67.14,3.907,,,,,,215.38347779999998,7.931,False
250,2,27/05/2011,76.42,3.786,,,,,,215.15448219999996,7.931,False
251,2,03/06/2011,83.07,3.699,,,,,,214.92548650000003,7.931,False
252,2,10/06/2011,83.4,3.648,,,,,,214.69649080000002,7.931,False
253,2,17/06/2011,86.53,3.637,,,,,,214.6513538,7.931,False
254,2,24/06/2011,85.17,3.594,,,,,,214.7441108,7.931,False
255,2,01/07/2011,85.69,3.5239999999999996,,,,,,214.83686780000002,7.852,False
256,2,08/07/2011,87.7,3.48,,,,,,214.9296249,7.852,False
257,2,15/07/2011,89.83,3.575,,,,,,215.0134426,7.852,False
258,2,22/07/2011,89.34,3.6510000000000002,,,,,,215.0749122,7.852,False
259,2,29/07/2011,90.07,3.682,,,,,,215.1363819,7.852,False
260,2,05/08/2011,93.34,3.6839999999999997,,,,,,215.1978515,7.852,False
261,2,12/08/2011,91.58,3.638,,,,,,215.25932110000002,7.852,False
262,2,19/08/2011,89.86,3.554,,,,,,215.3229307,7.852,False
263,2,26/08/2011,90.45,3.523,,,,,,215.38689700000003,7.852,False
264,2,02/09/2011,89.64,3.533,,,,,,215.4508632,7.852,False
265,2,09/09/2011,77.97,3.5460000000000003,,,,,,215.5148295,7.852,True
266,2,16/09/2011,78.85,3.5260000000000002,,,,,,215.6944378,7.852,False
267,2,23/09/2011,75.58,3.467,,,,,,216.02823560000002,7.852,False
268,2,30/09/2011,78.14,3.355,,,,,,216.3620333,7.852,False
269,2,07/10/2011,69.92,3.285,,,,,,216.69583109999996,7.441,False
270,2,14/10/2011,71.67,3.2739999999999996,,,,,,217.0048261,7.441,False
271,2,21/10/2011,64.53,3.353,,,,,,217.1650042,7.441,False
272,2,28/10/2011,65.87,3.372,,,,,,217.3251824,7.441,False
273,2,04/11/2011,55.53,3.332,,,,,,217.48536049999998,7.441,False
274,2,11/11/2011,59.33,3.2969999999999997,10797.64,20445.0,443.32,4754.07,4787.16,217.6455387,7.441,False
275,2,18/11/2011,62.01,3.3080000000000003,6490.92,1217.76,152.12,873.82,7656.42,217.86702180000003,7.441,False
276,2,25/11/2011,56.36,3.236,919.71,62.0,77451.26,23.0,1589.43,218.1130269,7.441,True
277,2,02/12/2011,48.74,3.1719999999999997,8010.99,83.47,1897.27,4444.0,28238.93,218.35903190000002,7.441,False
278,2,09/12/2011,41.76,3.158,11472.59,40.0,306.43,4160.55,8899.08,218.605037,7.441,False
279,2,16/12/2011,50.13,3.159,4908.83,61.03,341.49,469.8,4744.27,218.82179280000003,7.441,False
280,2,23/12/2011,46.66,3.112,2971.04,15.18,1501.75,88.76,6437.61,218.9995495,7.441,False
281,2,30/12/2011,44.57,3.1289999999999996,8321.44,92523.94,139.53,1515.4,3027.69,219.1773063,7.441,True
282,2,06/01/2012,46.75,3.157,5886.72,37454.29,121.16,2388.92,7103.97,219.355063,7.057,False
283,2,13/01/2012,45.99,3.261,4414.72,12092.63,98.38,708.18,4245.6,219.53281980000003,7.057,False
284,2,20/01/2012,51.7,3.2680000000000002,6552.26,4355.69,105.97,1703.1,3376.03,219.6258417,7.057,False
285,2,27/01/2012,50.5,3.29,1920.15,1507.56,86.09,43.4,2613.53,219.7188636,7.057,False
286,2,03/02/2012,55.21,3.36,75149.79,3818.85,221.4,48159.86,7423.61,219.81188540000002,7.057,False
287,2,10/02/2012,46.98,3.409,13510.89,6674.42,94.07,14114.9,9577.83,219.90490730000002,7.057,True
288,2,17/02/2012,43.82,3.51,13942.54,14273.24,15.76,4927.14,6650.08,220.06519930000002,7.057,False
289,2,24/02/2012,54.63,3.555,13048.36,12059.1,10.2,5299.73,10380.03,220.27594399999998,7.057,False
290,2,02/03/2012,58.79,3.63,23901.27,2144.7,9.0,9799.63,4929.53,220.4866886,7.057,False
291,2,09/03/2012,57.11,3.6689999999999996,11784.91,368.32,3.0,2498.17,7746.0,220.6974332,7.057,False
292,2,16/03/2012,63.68,3.734,5965.99,230.42,3.0,2650.77,2073.81,220.84984680000002,7.057,False
293,2,23/03/2012,64.01,3.787,6008.98,139.93,6.63,1650.49,5263.08,220.9244858,7.057,False
294,2,30/03/2012,66.83,3.845,14369.3,164.77,17.0,1017.31,3470.49,220.9991248,7.057,False
295,2,06/04/2012,68.43,3.891,12132.59,1.3,32.58,4874.69,5535.13,221.07376380000002,6.891,False
296,2,13/04/2012,68.08,3.891,8994.04,6573.08,20.21,4162.2,1966.38,221.14840279999999,6.891,False
297,2,20/04/2012,65.69,3.877,7311.02,2236.2,33.53,878.07,4080.32,221.2021074,6.891,False
298,2,27/04/2012,67.2,3.8139999999999996,3076.68,,38.32,108.71,2708.9,221.25581200000002,6.891,False
299,2,04/05/2012,76.73,3.7489999999999997,23731.47,,78.09,7931.42,4443.52,221.30951659999997,6.891,False
300,2,11/05/2012,73.87,3.688,16519.5,,117.38,5131.02,3634.25,221.36322119999997,6.891,False
301,2,18/05/2012,71.27,3.63,9262.12,,42.67,3694.8,4612.01,221.380331,6.891,False
302,2,25/05/2012,78.19,3.5610000000000004,10701.32,,1030.53,3595.04,14920.27,221.3828029,6.891,False
303,2,01/06/2012,78.38,3.5010000000000003,13091.33,21.0,245.37,2993.15,5521.72,221.38527480000002,6.891,False
304,2,08/06/2012,78.69,3.452,12162.04,463.6,78.39,3610.78,10877.64,221.38774669999998,6.891,False
305,2,15/06/2012,80.56,3.3930000000000002,8573.41,195.0,0.19,4455.38,5288.61,221.4009901,6.891,False
306,2,22/06/2012,81.04,3.346,12126.02,314.0,60.99,6058.6,36430.33,221.4411622,6.891,False
307,2,29/06/2012,86.32,3.286,8495.34,275.8,,1935.16,5686.13,221.48133430000004,6.891,False
308,2,06/07/2012,84.2,3.227,12355.5,295.05,100.15,6720.4,5506.53,221.52150640000002,6.565,False
309,2,13/07/2012,80.17,3.2560000000000002,8354.65,342.25,20.53,5674.44,5012.22,221.5616784,6.565,False
310,2,20/07/2012,83.23,3.3110000000000004,6961.58,241.2,24.97,3401.36,2453.42,221.5701123,6.565,False
311,2,27/07/2012,86.37,3.407,6999.14,197.72,2.53,6319.33,5007.01,221.5785461,6.565,False
312,2,03/08/2012,90.22,3.417,27650.68,164.58,43.02,21801.9,6652.98,221.58697990000002,6.565,False
313,2,10/08/2012,88.55,3.4939999999999998,5554.54,142.3,13.43,4187.43,5286.19,221.59541380000002,6.565,False
314,2,17/08/2012,84.79,3.571,4774.16,330.78,10.53,4253.28,4927.26,221.67514590000002,6.565,False
315,2,24/08/2012,76.91,3.62,4759.7,211.38,6.62,2972.88,5102.26,221.80835180000003,6.565,False
316,2,31/08/2012,82.64,3.638,17500.26,73.22,21.38,12878.62,4756.5,221.94155759999998,6.565,False
317,2,07/09/2012,87.65,3.73,10658.86,149.28,60.97,2920.9,3275.57,222.0747635,6.565,True
318,2,14/09/2012,75.88,3.717,8325.93,,37.32,1808.69,9314.55,222.2174395,6.565,False
319,2,21/09/2012,71.09,3.721,6707.94,3.82,15.55,1001.42,7607.94,222.41693619999998,6.565,False
320,2,28/09/2012,79.45,3.6660000000000004,7106.05,1.91,1.65,1549.1,3946.03,222.61643289999998,6.565,False
321,2,05/10/2012,70.27,3.617,6037.76,,10.04,3027.37,3853.4,222.8159296,6.17,False
322,2,12/10/2012,60.97,3.6010000000000004,2145.5,,33.31,586.83,10421.01,223.01542630000003,6.17,False
323,2,19/10/2012,68.08,3.594,4461.89,,1.14,1579.67,2642.29,223.0598077,6.17,False
324,2,26/10/2012,69.79,3.5060000000000002,6152.59,129.77,200.0,272.29,2924.15,223.0783366,6.17,False
325,2,02/11/2012,56.4,3.386,9585.99,6181.03,32.4,1571.2,4510.08,223.09686549999998,6.17,False
326,2,09/11/2012,61.9,3.3139999999999996,9497.69,2711.51,109.45,7185.16,6480.49,223.1153944,6.17,False
327,2,16/11/2012,52.72,3.252,26925.38,285.03,101.44,2014.28,8732.45,223.1469028,6.17,False
328,2,23/11/2012,58.06,3.2110000000000003,2280.54,2.49,105146.3,927.97,1253.85,223.19571729999998,6.17,True
329,2,30/11/2012,52.64,3.207,4764.84,,4748.06,200.48,6088.49,223.2445318,6.17,False
330,2,07/12/2012,64.19,3.198,7303.66,,460.32,2352.61,14872.79,223.2933463,6.17,False
331,2,14/12/2012,47.69,3.168,5550.46,,50.0,871.41,2419.54,223.3523969,6.17,False
332,2,21/12/2012,55.14,3.0980000000000003,5692.66,248.76,312.92,594.17,2167.73,223.4728642,6.17,False
333,2,28/12/2012,41.56,3.108,13194.12,56549.69,377.76,115.89,3479.8,223.5933316,6.17,True
334,2,04/01/2013,39.12,3.161,2045.13,34381.53,26.36,159.76,3863.31,223.7137989,6.237,False
335,2,11/01/2013,47.42,3.2430000000000003,6722.95,12098.17,13.68,1067.36,5383.2,223.83426630000002,6.237,False
336,2,18/01/2013,40.98,3.237,3737.16,3047.9,9.26,49.14,2758.1,223.86882000000003,6.237,False
337,2,25/01/2013,51.33,3.227,1599.61,1605.81,0.6,161.21,1963.72,223.86900830000002,6.237,False
338,2,01/02/2013,54.75,3.2439999999999998,13078.9,1642.02,545.2,12725.35,5002.74,223.8691966,6.237,False
339,2,08/02/2013,56.08,3.417,63622.34,687.56,358.29,44824.98,8167.67,223.8693849,6.237,True
340,2,15/02/2013,48.92,3.475,16105.39,6019.52,11.33,5982.79,7043.58,223.9106714,6.237,False
341,2,22/02/2013,48.16,3.597,6907.35,4354.2,16.58,1054.97,3019.84,224.05470319999998,6.237,False
342,2,01/03/2013,46.08,3.7110000000000003,6023.68,439.6,4.4,56.86,4416.82,224.198735,6.237,False
343,2,08/03/2013,51.12,3.658,24134.43,54.43,136.7,7235.69,6441.67,224.3427668,6.237,False
344,2,15/03/2013,55.14,3.622,7640.0,,29.43,1461.6,1824.17,224.46943900000002,6.237,False
345,2,22/03/2013,59.97,3.611,11184.28,,853.3,3319.2,3870.64,224.55271209999998,6.237,False
346,2,29/03/2013,50.54,3.6060000000000003,8248.47,,769.51,774.08,3513.62,224.6359852,6.237,False
347,2,05/04/2013,58.3,3.583,16944.64,4983.34,411.07,2378.92,3007.06,224.7192583,6.112,False
348,2,12/04/2013,61.23,3.529,10165.99,395.13,66.86,1537.62,3122.19,224.80253140000002,6.112,False
349,2,19/04/2013,67.05,3.451,6858.52,12.72,104.72,219.88,2640.86,224.80253140000002,6.112,False
350,2,26/04/2013,58.13,3.417,2782.18,11.92,146.45,461.83,2046.53,224.80253140000002,6.112,False
351,2,03/05/2013,65.26,3.386,12613.71,21.98,120.42,4940.3,2407.24,,,False
352,2,10/05/2013,63.51,3.392,7793.3,706.58,76.82,2788.92,35238.98,,,False
353,2,17/05/2013,70.55,3.4539999999999997,6242.52,423.82,9.06,1470.25,4390.07,,,False
354,2,24/05/2013,76.83,3.4939999999999998,6252.19,358.76,1665.35,797.59,3837.1,,,False
355,2,31/05/2013,78.05,3.466,2670.48,188.5,289.22,1258.68,1601.41,,,False
356,2,07/06/2013,76.2,3.4389999999999996,13644.9,900.33,221.4,8826.14,7275.75,,,False
357,2,14/06/2013,80.91,3.431,9784.1,548.27,674.6,2966.31,5282.33,,,False
358,2,21/06/2013,81.11,3.4789999999999996,7896.26,491.02,371.73,7426.29,3043.81,,,False
359,2,28/06/2013,85.37,3.495,8638.45,2457.32,9.0,4713.2,9079.05,,,False
360,2,05/07/2013,79.48,3.4219999999999997,11651.46,4984.5,2024.67,15196.91,2862.06,,,False
361,2,12/07/2013,85.41,3.4,7527.1,1244.78,84.18,2626.7,3881.66,,,False
362,2,19/07/2013,79.16,3.556,3313.12,723.52,94.85,1224.91,2471.69,,,False
363,2,26/07/2013,83.17,3.62,1966.46,609.55,91.0,493.6,2416.2,,,False
364,3,05/02/2010,45.71,2.572,,,,,,214.4248812,7.367999999999999,False
365,3,12/02/2010,47.93,2.548,,,,,,214.57479159999997,7.367999999999999,True
366,3,19/02/2010,47.07,2.5140000000000002,,,,,,214.61988680000002,7.367999999999999,False
367,3,26/02/2010,52.05,2.5610000000000004,,,,,,214.6475127,7.367999999999999,False
368,3,05/03/2010,53.04,2.625,,,,,,214.6751386,7.367999999999999,False
369,3,12/03/2010,63.08,2.667,,,,,,214.70276459999997,7.367999999999999,False
370,3,19/03/2010,60.42,2.72,,,,,,214.5301219,7.367999999999999,False
371,3,26/03/2010,57.06,2.7319999999999998,,,,,,214.3241011,7.367999999999999,False
372,3,02/04/2010,65.56,2.719,,,,,,214.11808030000003,7.343,False
373,3,09/04/2010,68.0,2.77,,,,,,213.91205950000003,7.343,False
374,3,16/04/2010,66.98,2.8080000000000003,,,,,,213.7726889,7.343,False
375,3,23/04/2010,67.87,2.795,,,,,,213.72218519999998,7.343,False
376,3,30/04/2010,70.24,2.78,,,,,,213.6716815,7.343,False
377,3,07/05/2010,73.47,2.835,,,,,,213.6211778,7.343,False
378,3,14/05/2010,77.18,2.8539999999999996,,,,,,213.6196139,7.343,False
379,3,21/05/2010,75.81,2.826,,,,,,213.9116886,7.343,False
380,3,28/05/2010,78.6,2.759,,,,,,214.2037634,7.343,False
381,3,04/06/2010,78.53,2.705,,,,,,214.49583819999998,7.343,False
382,3,11/06/2010,82.1,2.668,,,,,,214.78791299999997,7.343,False
383,3,18/06/2010,83.52,2.637,,,,,,214.78582590000002,7.343,False
384,3,25/06/2010,83.79,2.653,,,,,,214.6660741,7.343,False
385,3,02/07/2010,82.2,2.6689999999999996,,,,,,214.54632220000002,7.346,False
386,3,09/07/2010,81.75,2.642,,,,,,214.4265704,7.346,False
387,3,16/07/2010,84.32,2.623,,,,,,214.41764759999998,7.346,False
388,3,23/07/2010,83.32,2.608,,,,,,214.55649680000005,7.346,False
389,3,30/07/2010,82.04,2.64,,,,,,214.695346,7.346,False
390,3,06/08/2010,85.13,2.627,,,,,,214.8341952,7.346,False
391,3,13/08/2010,86.74,2.6919999999999997,,,,,,214.97304440000002,7.346,False
392,3,20/08/2010,88.02,2.6639999999999997,,,,,,214.9314191,7.346,False
393,3,27/08/2010,86.15,2.6189999999999998,,,,,,214.8897938,7.346,False
394,3,03/09/2010,84.16,2.577,,,,,,214.8481685,7.346,False
395,3,10/09/2010,80.84,2.565,,,,,,214.8065431,7.346,True
396,3,17/09/2010,82.36,2.582,,,,,,214.83224840000003,7.346,False
397,3,24/09/2010,76.9,2.6239999999999997,,,,,,214.90845159999998,7.346,False
398,3,01/10/2010,73.6,2.603,,,,,,214.9846548,7.564,False
399,3,08/10/2010,66.99,2.633,,,,,,215.060858,7.564,False
400,3,15/10/2010,69.71,2.72,,,,,,215.1293114,7.564,False
401,3,22/10/2010,71.64,2.725,,,,,,215.17838999999998,7.564,False
402,3,29/10/2010,72.04,2.716,,,,,,215.22746859999998,7.564,False
403,3,05/11/2010,62.94,2.6889999999999996,,,,,,215.2765472,7.564,False
404,3,12/11/2010,62.79,2.728,,,,,,215.32562579999998,7.564,False
405,3,19/11/2010,57.72,2.7710000000000004,,,,,,215.2074519,7.564,False
406,3,26/11/2010,68.71,2.735,,,,,,215.06140249999999,7.564,True
407,3,03/12/2010,53.76,2.708,,,,,,214.9153531,7.564,False
408,3,10/12/2010,51.13,2.843,,,,,,214.7693037,7.564,False
409,3,17/12/2010,52.2,2.8689999999999998,,,,,,214.704919,7.564,False
410,3,24/12/2010,57.16,2.886,,,,,,214.70178280000002,7.564,False
411,3,31/12/2010,53.2,2.943,,,,,,214.6986466,7.564,True
412,3,07/01/2011,53.35,2.9760000000000004,,,,,,214.69551040000002,7.551,False
413,3,14/01/2011,44.76,2.983,,,,,,214.74707290000003,7.551,False
414,3,21/01/2011,50.74,3.016,,,,,,215.1268275,7.551,False
415,3,28/01/2011,48.71,3.01,,,,,,215.5065821,7.551,False
416,3,04/02/2011,45.95,2.989,,,,,,215.88633670000002,7.551,False
417,3,11/02/2011,43.57,3.022,,,,,,216.26609130000003,7.551,True
418,3,18/02/2011,61.58,3.045,,,,,,216.5843571,7.551,False
419,3,25/02/2011,67.4,3.065,,,,,,216.8780275,7.551,False
420,3,04/03/2011,65.11,3.2880000000000003,,,,,,217.17169790000003,7.551,False
421,3,11/03/2011,61.29,3.4589999999999996,,,,,,217.46536830000002,7.551,False
422,3,18/03/2011,69.47,3.488,,,,,,217.72352259999997,7.551,False
423,3,25/03/2011,72.94,3.4730000000000003,,,,,,217.96747050000002,7.551,False
424,3,01/04/2011,68.76,3.5239999999999996,,,,,,218.21141839999999,7.574,False
425,3,08/04/2011,72.55,3.622,,,,,,218.4553663,7.574,False
426,3,15/04/2011,75.88,3.7430000000000003,,,,,,218.6788642,7.574,False
427,3,22/04/2011,76.91,3.807,,,,,,218.851237,7.574,False
428,3,29/04/2011,78.69,3.81,,,,,,219.0236099,7.574,False
429,3,06/05/2011,69.45,3.906,,,,,,219.1959827,7.574,False
430,3,13/05/2011,79.87,3.8989999999999996,,,,,,219.36835559999997,7.574,False
431,3,20/05/2011,75.79,3.907,,,,,,219.127216,7.574,False
432,3,27/05/2011,84.41,3.786,,,,,,218.8860765,7.574,False
433,3,03/06/2011,84.29,3.699,,,,,,218.6449369,7.574,False
434,3,10/06/2011,84.84,3.648,,,,,,218.4037974,7.574,False
435,3,17/06/2011,86.96,3.637,,,,,,218.35517480000001,7.574,False
436,3,24/06/2011,84.94,3.594,,,,,,218.45094,7.574,False
437,3,01/07/2011,85.1,3.5239999999999996,,,,,,218.54670519999996,7.567,False
438,3,08/07/2011,85.38,3.48,,,,,,218.64247039999998,7.567,False
439,3,15/07/2011,87.14,3.575,,,,,,218.7275216,7.567,False
440,3,22/07/2011,86.19,3.6510000000000002,,,,,,218.78578810000002,7.567,False
441,3,29/07/2011,88.07,3.682,,,,,,218.8440545,7.567,False
442,3,05/08/2011,88.45,3.6839999999999997,,,,,,218.90232090000003,7.567,False
443,3,12/08/2011,88.88,3.638,,,,,,218.96058730000001,7.567,False
444,3,19/08/2011,88.44,3.554,,,,,,219.023271,7.567,False
445,3,26/08/2011,87.67,3.523,,,,,,219.08669080000004,7.567,False
446,3,02/09/2011,89.12,3.533,,,,,,219.1501106,7.567,False
447,3,09/09/2011,81.72,3.5460000000000003,,,,,,219.21353050000002,7.567,True
448,3,16/09/2011,83.63,3.5260000000000002,,,,,,219.3972867,7.567,False
449,3,23/09/2011,80.19,3.467,,,,,,219.7414914,7.567,False
450,3,30/09/2011,82.58,3.355,,,,,,220.08569599999998,7.567,False
451,3,07/10/2011,75.54,3.285,,,,,,220.42990069999996,7.197,False
452,3,14/10/2011,73.75,3.2739999999999996,,,,,,220.74861669999999,7.197,False
453,3,21/10/2011,69.03,3.353,,,,,,220.9144005,7.197,False
454,3,28/10/2011,71.04,3.372,,,,,,221.08018419999996,7.197,False
455,3,04/11/2011,59.31,3.332,,,,,,221.245968,7.197,False
456,3,11/11/2011,61.7,3.2969999999999997,8787.59,2006.62,200.01,570.57,1005.33,221.4117517,7.197,False
457,3,18/11/2011,63.91,3.3080000000000003,1383.53,23.27,19.95,865.09,2926.05,221.6432852,7.197,False
458,3,25/11/2011,68.0,3.236,41.74,10.47,37612.74,,135.16,221.9011185,7.197,True
459,3,02/12/2011,54.97,3.1719999999999997,850.86,18.94,781.71,394.29,7297.1,222.15895189999998,7.197,False
460,3,09/12/2011,49.26,3.158,4059.38,6.47,123.42,833.44,3018.08,222.4167852,7.197,False
461,3,16/12/2011,57.95,3.159,1864.61,,170.36,187.42,1500.38,222.6426418,7.197,False
462,3,23/12/2011,53.41,3.112,89.98,0.24,411.52,,586.66,222.8258628,7.197,False
463,3,30/12/2011,48.29,3.1289999999999996,1449.16,14356.07,66.66,81.43,777.35,223.0090839,7.197,True
464,3,06/01/2012,52.42,3.157,3824.22,9389.98,15.0,415.36,1476.85,223.1923049,6.832999999999999,False
465,3,13/01/2012,51.86,3.261,3927.76,3323.64,,226.97,1725.19,223.3755259,6.832999999999999,False
466,3,20/01/2012,56.2,3.2680000000000002,720.82,1629.26,1.46,16.05,799.5,223.47005519999996,6.832999999999999,False
467,3,27/01/2012,58.06,3.29,774.55,349.99,,4.0,328.72,223.56458450000002,6.832999999999999,False
468,3,03/02/2012,59.33,3.36,9667.5,268.29,0.6,8368.15,804.24,223.6591137,6.832999999999999,False
469,3,10/02/2012,51.65,3.409,8687.47,1594.87,2.2,2144.87,2577.83,223.753643,6.832999999999999,True
470,3,17/02/2012,52.39,3.51,2706.87,3128.74,1.88,2396.68,1631.28,223.9170153,6.832999999999999,False
471,3,24/02/2012,60.12,3.555,6129.28,1802.84,,301.48,1929.71,224.1320199,6.832999999999999,False
472,3,02/03/2012,61.65,3.63,3552.58,601.32,,2666.22,1524.87,224.3470245,6.832999999999999,False
473,3,09/03/2012,60.71,3.6689999999999996,8368.5,298.46,1.39,1340.29,1416.22,224.56202909999996,6.832999999999999,False
474,3,16/03/2012,64.0,3.734,2588.06,80.89,3.2,909.76,491.83,224.71669530000003,6.832999999999999,False
475,3,23/03/2012,66.53,3.787,737.08,36.1,1.43,92.11,583.9,224.79091040000003,6.832999999999999,False
476,3,30/03/2012,69.36,3.845,825.1,99.83,1.25,113.25,388.39,224.8651254,6.832999999999999,False
477,3,06/04/2012,73.01,3.891,4433.71,,24.45,1282.3,1062.83,224.9393405,6.664,False
478,3,13/04/2012,72.83,3.891,5359.22,1673.42,3.0,682.03,1371.55,225.0135556,6.664,False
479,3,20/04/2012,72.05,3.877,2784.82,130.68,1.75,425.29,904.8,225.06895409999998,6.664,False
480,3,27/04/2012,73.39,3.8139999999999996,1178.7,,2.95,36.5,351.97,225.1243526,6.664,False
481,3,04/05/2012,79.51,3.7489999999999997,2430.23,,30.92,1159.71,1432.53,225.1797511,6.664,False
482,3,11/05/2012,75.19,3.688,3794.95,,0.25,813.77,618.46,225.23514959999997,6.664,False
483,3,18/05/2012,72.38,3.63,3208.73,,0.3,143.23,805.06,225.2512024,6.664,False
484,3,25/05/2012,78.58,3.5610000000000004,3032.03,,291.17,536.82,580.87,225.25151680000002,6.664,False
485,3,01/06/2012,81.55,3.5010000000000003,2664.55,10.0,220.03,618.49,1940.77,225.25183130000002,6.664,False
486,3,08/06/2012,81.65,3.452,5770.48,28.6,30.18,283.7,2093.48,225.25214580000002,6.664,False
487,3,15/06/2012,84.66,3.3930000000000002,2014.47,31.8,1.0,631.17,835.34,225.2644795,6.664,False
488,3,22/06/2012,82.7,3.346,1843.45,11.2,0.51,421.71,1743.54,225.30686150000002,6.664,False
489,3,29/06/2012,86.42,3.286,2297.32,8.0,,395.28,1182.52,225.3492435,6.664,False
490,3,06/07/2012,83.14,3.227,2625.99,30.7,28.16,703.16,1962.17,225.3916254,6.334,False
491,3,13/07/2012,82.28,3.2560000000000002,3196.9,20.8,2.02,302.29,451.1,225.4340074,6.334,False
492,3,20/07/2012,81.38,3.3110000000000004,1266.72,66.2,3.83,149.62,558.02,225.44388270000002,6.334,False
493,3,27/07/2012,84.94,3.407,3447.28,31.0,2.46,1791.7,1107.97,225.4537579,6.334,False
494,3,03/08/2012,86.55,3.417,5683.49,37.2,0.04,2484.22,639.29,225.4636332,6.334,False
495,3,10/08/2012,85.85,3.4939999999999998,3375.44,28.4,2.4,1880.43,555.9,225.4735085,6.334,False
496,3,17/08/2012,87.36,3.571,990.08,44.2,,401.46,430.69,225.55586639999999,6.334,False
497,3,24/08/2012,83.01,3.62,3062.02,26.8,,1004.51,1285.29,225.6925864,6.334,False
498,3,31/08/2012,85.18,3.638,6599.69,27.8,24.7,1743.76,428.74,225.8293063,6.334,False
499,3,07/09/2012,84.99,3.73,2266.83,19.0,8.31,419.87,926.86,225.96602630000004,6.334,True
500,3,14/09/2012,78.36,3.717,3589.7,,3.72,2080.29,1760.69,226.11220669999997,6.334,False
501,3,21/09/2012,72.78,3.721,3233.34,1.91,7.69,878.66,1602.11,226.31514959999998,6.334,False
502,3,28/09/2012,77.46,3.6660000000000004,2493.82,,1.5,890.65,715.52,226.5180926,6.334,False
503,3,05/10/2012,72.74,3.617,1750.8,,3.01,480.24,646.82,226.72103560000002,6.034,False
504,3,12/10/2012,70.31,3.6010000000000004,775.31,,2.78,498.54,328.16,226.9239785,6.034,False
505,3,19/10/2012,73.44,3.594,629.25,,7.5,75.11,3010.32,226.96884419999998,6.034,False
506,3,26/10/2012,74.66,3.5060000000000002,370.99,6.35,4.0,5.94,180.07,226.9873637,6.034,False
507,3,02/11/2012,61.61,3.386,3218.13,420.29,0.55,1498.52,749.71,227.0058832,6.034,False
508,3,09/11/2012,68.72,3.3139999999999996,2540.75,985.52,0.85,273.23,422.66,227.0244026,6.034,False
509,3,16/11/2012,61.1,3.252,1933.43,197.19,48.6,433.85,961.97,227.05692369999997,6.034,False
510,3,23/11/2012,61.69,3.2110000000000003,145.3,,54466.91,,60.92,227.1081136,6.034,True
511,3,30/11/2012,57.5,3.207,1573.54,,1095.99,157.62,2066.71,227.15930350000002,6.034,False
512,3,07/12/2012,65.09,3.198,5342.1,,201.0,317.78,2210.24,227.21049330000002,6.034,False
513,3,14/12/2012,54.72,3.168,1214.46,,28.0,119.11,861.4,227.27173480000002,6.034,False
514,3,21/12/2012,59.39,3.0980000000000003,3318.97,,10.0,397.02,296.66,227.3932855,6.034,False
515,3,28/12/2012,51.76,3.108,6542.05,10952.76,70.6,201.38,327.07,227.51483629999998,6.034,True
516,3,04/01/2013,46.52,3.161,2917.32,7821.32,0.2,171.09,570.6,227.63638709999998,6.108,False
517,3,11/01/2013,49.83,3.2430000000000003,2503.67,3395.0,0.52,160.25,1366.37,227.75793790000003,6.108,False
518,3,18/01/2013,49.09,3.237,659.55,779.95,2.1,43.05,674.45,227.78936919999998,6.108,False
519,3,25/01/2013,57.85,3.227,524.43,838.33,0.1,19.79,907.5,227.78475269999998,6.108,False
520,3,01/02/2013,62.81,3.2439999999999998,2513.52,665.85,30.0,3221.12,679.96,227.7801362,6.108,False
521,3,08/02/2013,62.77,3.417,29091.04,224.97,163.55,6151.53,782.92,227.77551969999996,6.108,True
522,3,15/02/2013,57.36,3.475,7962.18,1467.18,,940.34,1509.96,227.81400000000002,6.108,False
523,3,22/02/2013,59.96,3.597,2005.31,1497.57,,122.48,527.75,227.9602222,6.108,False
524,3,01/03/2013,54.19,3.7110000000000003,3805.93,81.37,,108.54,490.13,228.10644440000002,6.108,False
525,3,08/03/2013,57.25,3.658,6458.44,34.88,4.0,892.51,1095.59,228.2526667,6.108,False
526,3,15/03/2013,61.99,3.622,3634.62,,1.5,149.77,637.86,228.3819613,6.108,False
527,3,22/03/2013,70.38,3.611,2657.14,,246.0,392.86,450.58,228.4689369,6.108,False
528,3,29/03/2013,60.69,3.6060000000000003,2177.83,,199.96,103.87,672.0,228.5559125,6.108,False
529,3,05/04/2013,65.89,3.583,9649.15,1285.04,316.3,65.46,835.58,228.6428882,5.999,False
530,3,12/04/2013,67.56,3.529,900.72,716.86,53.54,151.17,637.16,228.72986380000003,5.999,False
531,3,19/04/2013,71.69,3.451,976.83,0.01,60.0,40.4,851.01,228.72986380000003,5.999,False
532,3,26/04/2013,65.23,3.417,539.28,,60.37,135.01,572.62,228.72986380000003,5.999,False
533,3,03/05/2013,69.73,3.386,2889.32,13.0,10.61,496.24,1019.91,,,False
534,3,10/05/2013,68.93,3.392,1455.45,78.0,27.23,125.67,1513.48,,,False
535,3,17/05/2013,75.33,3.4539999999999997,3388.65,145.0,2.0,321.8,1038.01,,,False
536,3,24/05/2013,81.27,3.4939999999999998,3234.31,53.0,136.4,280.23,1197.92,,,False
537,3,31/05/2013,78.99,3.466,3301.63,8.51,144.57,56.15,628.77,,,False
538,3,07/06/2013,80.11,3.4389999999999996,3996.14,70.74,160.6,1534.4,1694.48,,,False
539,3,14/06/2013,78.61,3.431,1728.99,94.8,235.0,433.38,1984.14,,,False
540,3,21/06/2013,82.81,3.4789999999999996,875.97,117.68,165.2,262.81,1858.59,,,False
541,3,28/06/2013,85.14,3.495,1619.96,444.19,,364.24,1954.88,,,False
542,3,05/07/2013,81.59,3.4219999999999997,3251.59,937.9,310.4,1452.64,1440.44,,,False
543,3,12/07/2013,84.86,3.4,1362.23,645.99,34.5,255.54,2033.65,,,False
544,3,19/07/2013,81.11,3.556,718.43,228.54,37.0,521.39,627.68,,,False
545,3,26/07/2013,85.53,3.62,586.26,256.64,,88.91,1152.08,,,False
546,4,05/02/2010,43.76,2.5980000000000003,,,,,,126.4420645,8.623,False
547,4,12/02/2010,28.84,2.573,,,,,,126.4962581,8.623,True
548,4,19/02/2010,36.45,2.54,,,,,,126.5262857,8.623,False
549,4,26/02/2010,41.36,2.59,,,,,,126.55228570000001,8.623,False
550,4,05/03/2010,43.49,2.654,,,,,,126.57828570000001,8.623,False
551,4,12/03/2010,49.63,2.7039999999999997,,,,,,126.6042857,8.623,False
552,4,19/03/2010,55.19,2.7430000000000003,,,,,,126.6066452,8.623,False
553,4,26/03/2010,39.91,2.752,,,,,,126.6050645,8.623,False
554,4,02/04/2010,48.77,2.74,,,,,,126.60348390000001,7.896,False
555,4,09/04/2010,54.16,2.773,,,,,,126.60190320000001,7.896,False
556,4,16/04/2010,56.23,2.81,,,,,,126.5621,7.896,False
557,4,23/04/2010,56.87,2.805,,,,,,126.47133329999998,7.896,False
558,4,30/04/2010,53.04,2.787,,,,,,126.38056670000002,7.896,False
559,4,07/05/2010,56.77,2.8360000000000003,,,,,,126.2898,7.896,False
560,4,14/05/2010,62.35,2.845,,,,,,126.20854840000001,7.896,False
561,4,21/05/2010,67.4,2.82,,,,,,126.18438710000001,7.896,False
562,4,28/05/2010,67.73,2.7560000000000002,,,,,,126.16022579999999,7.896,False
563,4,04/06/2010,70.83,2.701,,,,,,126.1360645,7.896,False
564,4,11/06/2010,78.45,2.668,,,,,,126.11190320000001,7.896,False
565,4,18/06/2010,81.53,2.635,,,,,,126.11399999999999,7.896,False
566,4,25/06/2010,81.1,2.654,,,,,,126.1266,7.896,False
567,4,02/07/2010,73.66,2.668,,,,,,126.1392,7.372000000000001,False
568,4,09/07/2010,80.35,2.637,,,,,,126.1518,7.372000000000001,False
569,4,16/07/2010,78.53,2.6210000000000004,,,,,,126.1498065,7.372000000000001,False
570,4,23/07/2010,79.78,2.612,,,,,,126.1283548,7.372000000000001,False
571,4,30/07/2010,80.7,2.65,,,,,,126.10690320000002,7.372000000000001,False
572,4,06/08/2010,76.53,2.64,,,,,,126.08545159999998,7.372000000000001,False
573,4,13/08/2010,78.08,2.698,,,,,,126.064,7.372000000000001,False
574,4,20/08/2010,78.83,2.6710000000000003,,,,,,126.0766452,7.372000000000001,False
575,4,27/08/2010,74.44,2.6210000000000004,,,,,,126.08929029999999,7.372000000000001,False
576,4,03/09/2010,76.8,2.5839999999999996,,,,,,126.1019355,7.372000000000001,False
577,4,10/09/2010,73.54,2.574,,,,,,126.11458059999998,7.372000000000001,True
578,4,17/09/2010,64.91,2.594,,,,,,126.14546670000001,7.372000000000001,False
579,4,24/09/2010,60.96,2.642,,,,,,126.19003329999998,7.372000000000001,False
580,4,01/10/2010,63.96,2.6189999999999998,,,,,,126.2346,7.127000000000001,False
581,4,08/10/2010,67.73,2.645,,,,,,126.27916670000002,7.127000000000001,False
582,4,15/10/2010,62.03,2.7319999999999998,,,,,,126.3266774,7.127000000000001,False
583,4,22/10/2010,64.17,2.736,,,,,,126.38154840000001,7.127000000000001,False
584,4,29/10/2010,56.94,2.718,,,,,,126.43641940000002,7.127000000000001,False
585,4,05/11/2010,51.6,2.699,,,,,,126.49129029999999,7.127000000000001,False
586,4,12/11/2010,52.65,2.741,,,,,,126.5461613,7.127000000000001,False
587,4,19/11/2010,48.05,2.78,,,,,,126.6072,7.127000000000001,False
588,4,26/11/2010,48.08,2.752,,,,,,126.66926670000001,7.127000000000001,True
589,4,03/12/2010,46.4,2.727,,,,,,126.73133329999999,7.127000000000001,False
590,4,10/12/2010,42.4,2.86,,,,,,126.7934,7.127000000000001,False
591,4,17/12/2010,46.57,2.884,,,,,,126.87948390000001,7.127000000000001,False
592,4,24/12/2010,43.21,2.887,,,,,,126.98358059999998,7.127000000000001,False
593,4,31/12/2010,38.09,2.955,,,,,,127.0876774,7.127000000000001,True
594,4,07/01/2011,39.34,2.98,,,,,,127.19177420000001,6.51,False
595,4,14/01/2011,31.6,2.992,,,,,,127.3009355,6.51,False
596,4,21/01/2011,38.34,3.017,,,,,,127.44048390000002,6.51,False
597,4,28/01/2011,40.6,3.022,,,,,,127.58003229999998,6.51,False
598,4,04/02/2011,34.61,2.9960000000000004,,,,,,127.71958059999999,6.51,False
599,4,11/02/2011,33.29,3.033,,,,,,127.85912900000001,6.51,True
600,4,18/02/2011,48.17,3.0580000000000003,,,,,,127.99525,6.51,False
601,4,25/02/2011,49.0,3.0869999999999997,,,,,,128.13,6.51,False
602,4,04/03/2011,46.56,3.305,,,,,,128.26475,6.51,False
603,4,11/03/2011,50.93,3.4610000000000003,,,,,,128.3995,6.51,False
604,4,18/03/2011,51.86,3.495,,,,,,128.5121935,6.51,False
605,4,25/03/2011,59.1,3.48,,,,,,128.6160645,6.51,False
606,4,01/04/2011,56.99,3.5210000000000004,,,,,,128.7199355,5.946000000000001,False
607,4,08/04/2011,62.61,3.605,,,,,,128.8238065,5.946000000000001,False
608,4,15/04/2011,62.34,3.7239999999999998,,,,,,128.91073329999998,5.946000000000001,False
609,4,22/04/2011,68.8,3.781,,,,,,128.9553,5.946000000000001,False
610,4,29/04/2011,64.22,3.781,,,,,,128.9998667,5.946000000000001,False
611,4,06/05/2011,63.41,3.866,,,,,,129.04443329999998,5.946000000000001,False
612,4,13/05/2011,70.65,3.872,,,,,,129.089,5.946000000000001,False
613,4,20/05/2011,70.49,3.8810000000000002,,,,,,129.0756774,5.946000000000001,False
614,4,27/05/2011,73.65,3.7710000000000004,,,,,,129.0623548,5.946000000000001,False
615,4,03/06/2011,78.26,3.6830000000000003,,,,,,129.0490323,5.946000000000001,False
616,4,10/06/2011,80.05,3.64,,,,,,129.0357097,5.946000000000001,False
617,4,17/06/2011,83.51,3.6180000000000003,,,,,,129.0432,5.946000000000001,False
618,4,24/06/2011,81.85,3.57,,,,,,129.0663,5.946000000000001,False
619,4,01/07/2011,84.54,3.5039999999999996,,,,,,129.0894,5.644,False
620,4,08/07/2011,84.59,3.469,,,,,,129.1125,5.644,False
621,4,15/07/2011,83.27,3.563,,,,,,129.1338387,5.644,False
622,4,22/07/2011,82.84,3.627,,,,,,129.1507742,5.644,False
623,4,29/07/2011,84.36,3.659,,,,,,129.16770970000002,5.644,False
624,4,05/08/2011,86.09,3.662,,,,,,129.1846452,5.644,False
625,4,12/08/2011,82.98,3.617,,,,,,129.2015806,5.644,False
626,4,19/08/2011,82.77,3.55,,,,,,129.2405806,5.644,False
627,4,26/08/2011,81.47,3.523,,,,,,129.2832581,5.644,False
628,4,02/09/2011,77.99,3.533,,,,,,129.32593549999999,5.644,False
629,4,09/09/2011,73.34,3.554,,,,,,129.3686129,5.644,True
630,4,16/09/2011,72.76,3.532,,,,,,129.4306,5.644,False
631,4,23/09/2011,69.23,3.4730000000000003,,,,,,129.5183333,5.644,False
632,4,30/09/2011,72.15,3.3710000000000004,,,,,,129.6060667,5.644,False
633,4,07/10/2011,65.79,3.299,,,,,,129.6938,5.143,False
634,4,14/10/2011,63.75,3.283,,,,,,129.77064520000002,5.143,False
635,4,21/10/2011,64.79,3.361,,,,,,129.78216129999998,5.143,False
636,4,28/10/2011,55.31,3.362,,,,,,129.7936774,5.143,False
637,4,04/11/2011,49.86,3.322,,,,,,129.8051935,5.143,False
638,4,11/11/2011,47.12,3.286,12851.52,16658.47,430.13,5630.01,9213.39,129.81670970000002,5.143,False
639,4,18/11/2011,50.44,3.2939999999999996,4539.94,840.56,372.9,613.96,5358.13,129.82683329999998,5.143,False
640,4,25/11/2011,47.96,3.225,561.45,137.88,83340.33,44.04,9239.23,129.8364,5.143,True
641,4,02/12/2011,38.71,3.176,9762.39,160.94,2260.29,4767.86,28604.2,129.84596670000002,5.143,False
642,4,09/12/2011,31.64,3.153,5857.72,30.0,984.98,4692.5,13503.99,129.8555333,5.143,False
643,4,16/12/2011,36.44,3.1489999999999996,2756.67,72.3,1790.15,777.65,10261.95,129.8980645,5.143,False
644,4,23/12/2011,35.92,3.103,2461.94,69.05,2938.24,52.0,4396.76,129.98454840000002,5.143,False
645,4,30/12/2011,36.89,3.1189999999999998,3496.13,72413.71,399.77,776.26,5012.53,130.07103229999998,5.143,True
646,4,06/01/2012,38.64,3.158,7857.71,38677.72,234.0,863.22,8682.95,130.15751609999998,4.607,False
647,4,13/01/2012,34.41,3.263,3666.28,14553.37,76.37,820.37,5955.28,130.244,4.607,False
648,4,20/01/2012,42.09,3.273,2109.41,7040.02,44.16,918.36,1116.83,130.27922579999998,4.607,False
649,4,27/01/2012,40.31,3.29,1346.06,3740.12,46.16,445.47,2451.89,130.31445159999998,4.607,False
650,4,03/02/2012,41.81,3.3539999999999996,50820.76,4033.29,285.11,48086.64,7456.15,130.3496774,4.607,False
651,4,10/02/2012,33.0,3.411,11374.63,7208.51,118.37,12869.78,10618.93,130.38490320000002,4.607,True
652,4,17/02/2012,34.19,3.4930000000000003,14225.99,11049.65,17.36,11912.49,7565.99,130.4546207,4.607,False
653,4,24/02/2012,41.31,3.5410000000000004,9777.71,4703.88,5.4,1179.72,9352.14,130.5502069,4.607,False
654,4,02/03/2012,50.38,3.6189999999999998,18564.88,1394.86,32.93,10714.6,3592.82,130.6457931,4.607,False
655,4,09/03/2012,53.63,3.667,8779.57,602.02,8.53,1103.64,9464.98,130.7413793,4.607,False
656,4,16/03/2012,59.81,3.707,5669.21,37.12,,8540.87,2544.94,130.82619350000002,4.607,False
657,4,23/03/2012,59.07,3.759,8806.8,-10.5,5.99,739.14,4396.97,130.8966452,4.607,False
658,4,30/03/2012,72.63,3.82,2565.8,442.52,6.5,487.66,4076.68,130.96709679999998,4.607,False
659,4,06/04/2012,67.69,3.864,11341.17,,73.38,5677.89,7821.95,131.03754840000002,4.308,False
660,4,13/04/2012,68.69,3.8810000000000002,12506.74,5941.43,30.84,3915.29,4392.95,131.108,4.308,False
661,4,20/04/2012,68.6,3.864,2774.39,4279.41,43.43,2409.97,4544.22,131.11733329999998,4.308,False
662,4,27/04/2012,76.47,3.81,3993.66,97.77,26.68,113.37,3947.45,131.12666670000002,4.308,False
663,4,04/05/2012,80.14,3.747,13737.91,,93.65,6993.97,4541.89,131.136,4.308,False
664,4,11/05/2012,67.64,3.685,20499.88,86.0,103.05,5005.96,3815.16,131.14533329999998,4.308,False
665,4,18/05/2012,68.43,3.62,6531.12,,99.91,2290.18,2521.84,131.0983226,4.308,False
666,4,25/05/2012,77.47,3.551,4330.02,436.0,862.31,3268.41,3749.53,131.02877420000002,4.308,False
667,4,01/06/2012,77.41,3.483,10165.22,8.6,47.93,2676.33,4896.34,130.95922579999998,4.308,False
668,4,08/06/2012,78.11,3.4330000000000003,7429.46,249.8,7.86,4235.27,9690.55,130.8896774,4.308,False
669,4,15/06/2012,80.94,3.372,16063.84,84.0,0.22,2105.39,6113.16,130.82953329999998,4.308,False
670,4,22/06/2012,81.63,3.3289999999999997,6619.2,351.22,3.48,5390.02,10920.89,130.7929,4.308,False
671,4,29/06/2012,84.23,3.2569999999999997,3756.11,211.6,,2114.26,6371.15,130.75626670000003,4.308,False
672,4,06/07/2012,80.37,3.187,9789.03,90.0,157.62,10671.47,3864.91,130.7196333,4.077,False
673,4,13/07/2012,76.86,3.2239999999999998,11075.38,151.0,17.27,3810.25,4766.88,130.683,4.077,False
674,4,20/07/2012,79.14,3.263,4799.23,47.55,30.56,634.78,4648.91,130.70129029999998,4.077,False
675,4,27/07/2012,81.06,3.3560000000000003,7011.68,68.7,4.26,13565.83,3841.61,130.7195806,4.077,False
676,4,03/08/2012,83.86,3.3739999999999997,29127.2,42.27,58.34,22663.73,10925.99,130.73787099999998,4.077,False
677,4,10/08/2012,83.21,3.4760000000000004,16996.42,36.6,60.94,4777.2,3937.09,130.7561613,4.077,False
678,4,17/08/2012,81.41,3.552,2531.63,15.04,5.54,1269.13,3528.9,130.7909677,4.077,False
679,4,24/08/2012,75.76,3.61,9983.59,,23.4,8115.89,7158.66,130.8381613,4.077,False
680,4,31/08/2012,76.47,3.6460000000000004,19617.58,1.02,68.29,7187.73,6428.12,130.8853548,4.077,False
681,4,07/09/2012,82.09,3.7089999999999996,9082.61,16.0,59.06,7217.88,8026.47,130.93254840000003,4.077,True
682,4,14/09/2012,68.2,3.7060000000000004,13802.34,,23.12,3643.77,12517.18,130.97766670000001,4.077,False
683,4,21/09/2012,68.97,3.721,11214.89,5.73,16.84,6376.86,4417.13,131.01033329999999,4.077,False
684,4,28/09/2012,71.74,3.6660000000000004,5333.92,5.73,2.94,1931.02,9753.37,131.043,4.077,False
685,4,05/10/2012,63.07,3.62,5918.34,,126.57,3674.49,6807.07,131.0756667,3.8789999999999996,False
686,4,12/10/2012,57.11,3.603,4975.39,,61.17,1513.17,5905.53,131.1083333,3.8789999999999996,False
687,4,19/10/2012,64.46,3.61,6313.84,,15.05,2421.08,5885.12,131.14996770000002,3.8789999999999996,False
688,4,26/10/2012,63.64,3.514,1763.13,88.76,66.76,,7577.14,131.19309679999998,3.8789999999999996,False
689,4,02/11/2012,53.31,3.404,3717.8,7665.66,23.0,190.24,1586.46,131.2362258,3.8789999999999996,False
690,4,09/11/2012,59.47,3.3369999999999997,28299.04,6412.64,73.18,9912.23,7259.32,131.2793548,3.8789999999999996,False
691,4,16/11/2012,49.86,3.2710000000000004,14400.63,409.67,205.09,1497.33,7862.4,131.3258,3.8789999999999996,False
692,4,23/11/2012,55.09,3.233,3365.61,6.93,93310.3,497.28,3938.54,131.37666670000002,3.8789999999999996,True
693,4,30/11/2012,50.91,3.24,4642.37,,5146.88,243.5,9819.68,131.4275333,3.8789999999999996,False
694,4,07/12/2012,53.67,3.227,10755.57,,822.0,2966.0,22677.91,131.4784,3.8789999999999996,False
695,4,14/12/2012,42.57,3.193,3409.42,,180.0,764.25,4930.05,131.537,3.8789999999999996,False
696,4,21/12/2012,44.8,3.112,3564.6,137.92,118.28,21.32,1239.78,131.642,3.8789999999999996,False
697,4,28/12/2012,37.93,3.125,7712.77,50636.71,347.0,6.24,862.39,131.747,3.8789999999999996,True
698,4,04/01/2013,33.11,3.177,9471.27,42065.3,56.17,,4980.46,131.852,3.9210000000000003,False
699,4,11/01/2013,38.92,3.235,4749.65,23457.11,4.22,522.96,3743.86,131.957,3.9210000000000003,False
700,4,18/01/2013,34.06,3.2319999999999998,5219.94,3758.9,12.1,23.97,2112.04,132.030871,3.9210000000000003,False
701,4,25/01/2013,47.49,3.22,15302.22,1652.63,0.3,1257.32,1547.68,132.0922903,3.9210000000000003,False
702,4,01/02/2013,49.07,3.2319999999999998,27134.98,861.18,870.2,29210.08,1663.48,132.1537097,3.9210000000000003,False
703,4,08/02/2013,49.86,3.4010000000000002,56705.09,564.98,521.82,45331.3,7730.26,132.215129,3.9210000000000003,True
704,4,15/02/2013,44.7,3.451,41326.97,10303.91,630.8,17516.52,3782.94,132.2725714,3.9210000000000003,False
705,4,22/02/2013,44.68,3.602,15128.45,10149.27,31.4,6451.6,4875.84,132.32007140000002,3.9210000000000003,False
706,4,01/03/2013,42.56,3.694,27132.59,762.39,3.2,1621.99,3526.18,132.3675714,3.9210000000000003,False
707,4,08/03/2013,53.21,3.647,23306.04,779.6,164.42,12389.6,9316.71,132.41507140000002,3.9210000000000003,False
708,4,15/03/2013,53.39,3.611,9361.09,,28.59,3602.71,2161.72,132.4668065,3.9210000000000003,False
709,4,22/03/2013,58.55,3.593,17721.81,,513.5,4370.01,3365.76,132.529129,3.9210000000000003,False
710,4,29/03/2013,50.36,3.575,3949.07,,489.46,182.0,7265.39,132.59145159999997,3.9210000000000003,False
711,4,05/04/2013,57.7,3.552,8031.33,12906.43,641.98,4801.53,2723.41,132.65377420000002,3.8960000000000004,False
712,4,12/04/2013,60.06,3.5039999999999996,7876.11,1269.44,201.06,2776.58,7702.91,132.71609679999997,3.8960000000000004,False
713,4,19/04/2013,63.28,3.4360000000000004,3578.12,96.18,183.6,358.15,2039.26,132.71609679999997,3.8960000000000004,False
714,4,26/04/2013,58.15,3.397,3087.47,,199.38,82.48,3223.06,132.71609679999997,3.8960000000000004,False
715,4,03/05/2013,64.18,3.3689999999999998,13789.79,14.0,218.21,7299.53,8146.91,,,False
716,4,10/05/2013,64.01,3.3710000000000004,10686.88,388.94,118.4,4406.85,6098.37,,,False
717,4,17/05/2013,70.5,3.437,12026.21,272.94,23.04,2030.97,8818.06,,,False
718,4,24/05/2013,76.73,3.4619999999999997,3560.92,144.06,723.61,3657.09,9179.04,,,False
719,4,31/05/2013,79.17,3.438,2536.65,443.94,483.9,28.76,4652.59,,,False
720,4,07/06/2013,78.11,3.4130000000000003,14278.29,529.53,566.96,11824.87,6092.91,,,False
721,4,14/06/2013,79.24,3.415,14141.85,760.84,1125.14,4775.63,8842.0,,,False
722,4,21/06/2013,79.1,3.4530000000000003,3423.81,176.93,457.43,7953.47,5443.06,,,False
723,4,28/06/2013,86.29,3.452,6723.27,358.37,3.0,3450.8,7483.44,,,False
724,4,05/07/2013,76.96,3.385,17126.22,933.43,1334.16,14191.01,5201.38,,,False
725,4,12/07/2013,82.3,3.3680000000000003,6501.43,1464.81,124.97,3809.96,3868.6,,,False
726,4,19/07/2013,73.29,3.5180000000000002,4191.78,440.36,173.66,534.56,2252.18,,,False
727,4,26/07/2013,78.96,3.58,1577.6,687.89,9.6,314.64,1433.77,,,False
